,buildUpPlaySpeed,buildUpPlayPassing,chanceCreationPassing,chanceCreationCrossing,chanceCreationShooting,defencePressure,defenceAggression,defenceTeamWidth,country_id,league_id,stage,match_api_id,home_team_api_id,away_team_api_id,home_team_goal,away_team_goal,HS,AS,HST,AST,B365H,B365D,B365A,HomeTeamWinStreak,AwayTeamWinStreak,HomeTeamDrawStreak,AwayTeamDrawStreak,buildUpPlaySpeedClass,buildUpPlayDribblingClass,buildUpPlayPassingClass,buildUpPlayPositioningClass,chanceCreationPassingClass,chanceCreationCrossingClass,chanceCreationShootingClass,chanceCreationPositioningClass,defencePressureClass,defenceAggressionClass,defenceTeamWidthClass,defenceDefenderLineClass,FTR
0,66,30,30,45,35,30,40,50,1729,1729,1,658576,8668,9825,1,6,8.0,15.0,5.0,9.0,3.2,3.25,2.3,0,0,0,0,0,0,2,0,2,2,2,0,0,2,1,0,0
1,52,56,58,41,54,29,28,39,1729,1729,1,658580,8462,9879,0,1,16.0,9.0,4.0,3.0,2.63,3.2,2.75,0,0,0,0,0,1,1,1,0,2,2,1,0,0,1,0,0
2,38,44,49,44,40,54,53,56,1729,1729,10,658707,8650,10260,2,0,11.0,7.0,6.0,5.0,3.0,3.25,2.4,0,0,0,0,0,1,1,1,0,2,2,1,2,2,1,0,2
3,60,70,70,70,50,40,35,40,1729,1729,10,658708,8456,9879,2,2,20.0,11.0,7.0,5.0,1.44,4.2,8.0,0,1,0,0,0,0,0,1,1,1,2,1,2,2,1,0,1
4,60,50,40,45,60,55,55,50,1729,1729,11,658711,9879,8650,3,1,10.0,6.0,6.0,3.0,4.2,3.4,1.91,0,0,0,0,0,0,1,1,0,2,2,1,2,2,1,0,2
5,67,58,44,60,56,43,50,52,1729,1729,11,658712,8668,10252,1,1,9.0,13.0,4.0,8.0,2.5,3.25,2.88,0,0,0,0,1,0,1,1,0,2,2,1,2,2,1,0,1
6,54,55,56,59,48,48,50,58,1729,1729,12,658724,8456,8191,3,3,13.0,6.0,8.0,4.0,1.33,4.75,11.0,0,0,1,0,0,0,1,1,0,2,2,1,2,2,1,0,1
7,46,54,49,72,56,42,41,56,1729,1729,12,658728,8455,10260,1,0,12.0,21.0,9.0,10.0,2.0,3.25,4.0,0,0,0,0,0,1,1,1,0,1,2,1,2,2,1,0,2
8,59,30,28,44,46,51,44,52,1729,1729,13,658730,8472,9825,1,0,5.0,9.0,1.0,3.0,6.0,3.75,1.62,0,1,0,0,0,1,2,1,2,2,2,0,2,2,1,0,2
9,70,59,65,70,50,30,70,30,1729,1729,13,658792,8191,10252,1,1,11.0,10.0,6.0,6.0,3.4,3.3,2.2,0,0,0,1,1,0,1,1,0,1,2,0,0,1,0,0,1
10,70,60,70,65,75,65,65,50,1729,1729,13,658795,8650,8456,2,2,10.0,9.0,6.0,6.0,1.91,3.4,4.2,1,0,0,0,1,0,1,1,1,2,1,0,2,2,1,0,1
11,56,56,48,57,56,50,50,60,1729,1729,13,658796,10260,8668,3,0,18.0,11.0,11.0,5.0,1.4,4.5,9.0,0,0,0,0,0,0,1,1,0,2,2,1,2,2,1,0,2
12,46,38,46,68,37,49,49,56,1729,1729,14,658799,8462,10260,1,4,20.0,12.0,12.0,8.0,10.0,4.5,1.36,0,0,0,0,0,0,1,1,0,1,2,1,2,2,1,0,0
13,71,32,34,41,61,51,48,62,1729,1729,14,658804,8668,8650,0,2,12.0,9.0,8.0,7.0,3.5,3.4,2.1,0,0,1,0,1,1,2,1,0,2,2,1,2,2,1,0,0
14,67,36,41,34,44,39,41,46,1729,1729,14,658807,9825,8455,0,3,5.0,7.0,3.0,5.0,2.7,3.2,2.7,0,0,0,0,1,1,1,1,0,2,2,1,2,2,1,0,0
15,70,65,70,70,70,65,70,70,1729,1729,15,658809,8462,8191,2,0,9.0,14.0,4.0,8.0,1.91,3.4,4.2,0,0,0,1,1,0,1,1,1,1,1,1,2,1,2,0,2
16,60,50,60,60,80,35,55,50,1729,1729,15,658813,8456,8455,2,1,13.0,10.0,8.0,6.0,4.2,3.4,1.91,0,1,2,0,0,0,1,0,0,2,1,0,2,2,1,0,2
17,67,62,44,72,59,47,53,60,1729,1729,15,658814,9879,8472,1,0,16.0,8.0,5.0,5.0,2.1,3.3,3.6,1,0,0,0,1,0,1,1,0,1,2,1,2,2,1,0,2
18,63,59,52,55,34,39,41,54,1729,1729,16,658819,10260,10252,0,1,16.0,8.0,9.0,5.0,1.5,4.2,7.0,1,0,0,2,0,0,1,1,0,2,2,1,2,2,1,0,0
19,59,57,49,47,53,39,40,44,1729,1729,16,658821,8472,8462,1,1,16.0,9.0,9.0,6.0,1.8,3.5,4.75,1,0,0,0,0,0,1,1,0,2,2,1,2,2,1,0,1
20,59,30,28,44,46,51,44,52,1729,1729,16,658823,8650,9825,1,2,6.0,7.0,3.0,5.0,2.2,3.3,3.4,1,1,1,0,0,1,2,1,2,2,2,0,2,2,1,0,0
21,60,65,60,70,45,40,70,40,1729,1729,16,658825,8455,8668,3,3,25.0,10.0,13.0,7.0,1.25,5.5,15.0,1,0,0,0,0,0,1,1,0,1,2,1,2,1,1,0,1
22,50,55,45,55,40,45,35,50,1729,1729,16,658826,8191,9879,1,1,10.0,12.0,8.0,6.0,2.63,3.25,2.75,0,1,1,1,0,0,1,1,0,2,2,1,2,2,1,0,1
23,67,58,44,60,56,43,50,52,1729,1729,17,658830,8472,10252,0,2,15.0,11.0,5.0,4.0,2.88,3.3,2.5,1,1,1,2,1,0,1,1,0,2,2,1,2,2,1,0,0
24,30,29,41,55,39,64,54,52,1729,1729,17,658834,8191,9825,1,1,8.0,17.0,3.0,9.0,7.0,4.2,1.5,0,2,2,0,2,0,2,1,0,2,2,0,2,2,1,0,1
25,59,57,49,47,53,39,40,44,1729,1729,17,658838,8455,8462,2,1,21.0,7.0,8.0,3.0,1.14,8.0,19.0,1,0,1,1,0,0,1,1,0,2,2,1,2,2,1,0,2
26,66,45,34,34,46,51,52,61,1729,1729,18,658843,8462,8650,2,0,14.0,7.0,6.0,3.0,5.5,4.0,1.62,1,1,0,0,0,1,1,1,0,2,2,1,2,2,1,0,2
27,60,70,70,70,55,35,70,35,1729,1729,18,658844,8456,8472,4,3,11.0,7.0,5.0,5.0,1.53,4.0,7.0,1,0,2,0,0,0,0,1,1,1,2,1,2,1,1,0,2
28,65,40,65,65,70,45,45,65,1729,1729,18,658845,9879,10260,3,0,10.0,16.0,7.0,4.0,6.5,4.0,1.57,2,1,0,0,0,0,1,1,0,2,1,0,2,2,1,0,2
29,56,56,48,57,56,50,50,60,1729,1729,19,658851,8472,8668,1,1,10.0,12.0,6.0,4.0,2.38,3.3,3.0,1,0,1,1,0,0,1,1,0,2,2,1,2,2,1,0,1
30,63,59,52,55,34,39,41,54,1729,1729,19,658925,9825,10252,3,0,19.0,7.0,12.0,3.0,1.73,3.5,5.0,0,2,0,2,0,0,1,1,0,2,2,1,2,2,1,0,2
31,67,38,41,61,68,39,41,46,1729,1729,2,658584,8472,8455,1,3,4.0,20.0,3.0,9.0,6.5,4.0,1.53,1,1,2,0,1,1,1,1,0,2,1,1,2,2,1,0,0
32,38,44,49,44,40,54,53,56,1729,1729,2,658589,8191,10260,1,0,8.0,18.0,2.0,9.0,9.5,5.0,1.33,0,1,3,0,0,1,1,1,0,2,2,1,2,2,1,0,2
33,60,65,60,70,45,40,70,40,1729,1729,2,658592,8456,8668,0,2,12.0,10.0,5.0,7.0,1.83,3.5,4.33,2,0,2,2,0,0,1,1,0,1,2,1,2,1,1,0,0
34,75,40,40,45,65,50,40,45,1729,1729,20,658929,8462,9825,1,4,10.0,14.0,6.0,10.0,6.5,4.0,1.53,2,2,0,1,1,0,1,0,0,2,2,0,2,2,1,0,0
35,48,44,56,58,48,52,50,58,1729,1729,20,658930,8668,8191,2,0,24.0,12.0,16.0,9.0,1.57,3.8,6.5,0,0,1,1,0,0,1,1,0,2,2,1,2,2,1,0,2
36,52,49,49,56,59,39,39,57,1729,1729,20,658931,8455,9879,2,1,18.0,3.0,11.0,3.0,1.36,4.5,10.0,2,1,1,2,0,0,1,1,0,2,2,1,2,2,1,0,2
37,71,32,34,41,61,51,48,62,1729,1729,20,658934,10252,8650,0,1,11.0,12.0,7.0,9.0,2.8,3.25,2.6,0,1,0,0,1,1,2,1,0,2,2,1,2,2,1,0,0
38,59,57,49,47,53,39,40,44,1729,1729,21,658941,9879,8462,1,0,14.0,12.0,9.0,8.0,1.67,3.5,6.0,3,0,0,1,0,0,1,1,0,2,2,1,2,2,1,0,2
39,60,65,60,70,45,40,70,40,1729,1729,21,658945,9825,8668,2,2,6.0,9.0,5.0,5.0,1.4,4.5,8.5,1,1,0,2,0,0,1,1,0,1,2,1,2,1,1,0,1
40,36,52,49,68,55,24,56,66,1729,1729,22,658950,10260,8191,3,0,24.0,11.0,11.0,5.0,1.17,7.0,17.0,1,0,0,1,0,0,1,1,0,1,2,1,0,2,1,0,2
41,45,55,40,38,48,50,60,54,1729,1729,22,658951,8668,8456,2,0,13.0,8.0,6.0,4.0,2.88,3.25,2.5,1,0,1,1,0,0,1,1,0,2,2,0,2,2,1,0,2
42,57,66,56,31,72,47,52,49,1729,1729,22,658952,8455,8472,7,2,23.0,7.0,13.0,3.0,1.22,6.0,15.0,3,0,1,0,0,0,1,1,0,0,1,1,2,2,1,0,2
43,60,61,56,44,58,41,38,53,1729,1729,23,658962,8668,8472,2,0,11.0,5.0,7.0,3.0,1.67,3.6,5.5,2,0,1,0,0,0,1,1,0,2,2,1,2,2,1,0,2
44,59,30,28,44,46,51,44,52,1729,1729,23,658965,10252,9825,0,0,8.0,12.0,2.0,8.0,3.2,3.25,2.3,0,3,0,1,0,1,2,1,2,2,2,0,2,2,1,0,1
45,70,70,70,70,55,40,70,40,1729,1729,24,658969,8456,8462,2,0,13.0,10.0,6.0,4.0,1.29,5.0,13.0,2,0,2,1,1,0,0,1,1,1,2,1,2,1,1,0,2
46,65,50,45,55,50,35,45,65,1729,1729,24,658972,9879,10252,0,2,15.0,9.0,8.0,6.0,2.7,3.2,2.7,4,2,0,2,0,0,1,1,0,2,2,1,2,2,1,0,0
47,60,45,55,45,45,60,62,46,1729,1729,24,658973,8191,8455,1,2,5.0,16.0,3.0,9.0,13.0,5.0,1.29,1,2,3,0,0,0,1,1,0,2,2,1,2,2,1,0,0
48,46,38,46,68,37,49,49,56,1729,1729,24,658974,9825,10260,1,3,18.0,11.0,7.0,5.0,2.6,3.25,2.8,1,1,1,0,0,0,1,1,0,1,2,1,2,2,1,0,0
49,59,57,49,47,53,39,40,44,1729,1729,25,658976,10260,8462,5,0,21.0,7.0,8.0,5.0,1.13,8.5,23.0,2,0,0,1,0,0,1,1,0,2,2,1,2,2,1,0,2
50,59,30,28,44,46,51,44,52,1729,1729,25,659063,8455,9825,2,0,9.0,14.0,3.0,6.0,1.8,3.6,4.5,4,2,1,2,0,1,2,1,2,2,2,0,2,2,1,0,2
51,60,65,60,70,45,40,70,40,1729,1729,25,659066,8650,8668,1,0,9.0,6.0,4.0,3.0,1.83,3.5,4.33,1,1,1,3,0,0,1,1,0,1,2,1,2,1,1,0,2
52,60,50,40,45,60,55,55,50,1729,1729,26,659068,9825,8650,1,0,11.0,9.0,6.0,7.0,2.1,3.3,3.6,1,2,1,0,0,0,1,1,0,2,2,1,2,2,1,0,2
53,48,44,56,58,48,52,50,58,1729,1729,26,659069,9879,8191,3,0,16.0,10.0,12.0,3.0,1.73,3.5,5.25,4,0,0,1,0,0,1,1,0,2,2,1,2,2,1,0,2
54,57,66,56,31,72,47,52,49,1729,1729,26,659073,8462,8472,1,1,12.0,7.0,6.0,2.0,2.4,3.25,3.0,2,0,0,0,0,0,1,1,0,0,1,1,2,2,1,0,1
55,46,54,49,72,56,42,41,56,1729,1729,26,659075,10252,10260,1,1,10.0,12.0,6.0,6.0,4.2,3.5,1.91,0,2,1,0,0,1,1,1,0,1,2,1,2,2,1,0,1
56,67,36,41,34,44,39,41,46,1729,1729,26,659076,8668,8455,2,1,7.0,14.0,5.0,5.0,5.0,3.6,1.73,3,3,1,0,1,1,1,1,0,2,2,1,2,2,1,0,2
57,70,45,45,70,65,40,50,40,1729,1729,27,659082,8668,10260,3,1,11.0,11.0,7.0,5.0,4.5,3.6,1.8,4,2,0,1,1,0,1,1,0,1,2,0,2,2,1,0,2
58,55,55,55,65,55,45,55,65,1729,1729,27,659083,9825,8472,2,0,16.0,6.0,10.0,4.0,1.22,6.0,15.0,2,0,1,1,0,0,1,1,0,2,2,1,2,2,1,0,2
59,50,35,50,60,70,40,60,40,1729,1729,27,659086,8456,8650,0,0,4.0,6.0,1.0,2.0,2.4,3.3,3.0,3,2,1,0,0,0,1,1,0,2,1,1,2,2,1,0,1
60,36,52,49,68,55,24,56,66,1729,1729,27,659087,10252,8191,5,2,15.0,13.0,8.0,10.0,1.36,4.5,10.0,0,0,2,1,0,0,1,1,0,1,2,1,0,2,1,0,2
61,48,45,38,62,54,38,38,62,1729,1729,28,659088,8472,9879,0,0,12.0,3.0,5.0,1.0,2.2,3.2,3.5,1,1,2,2,0,0,1,1,0,2,2,1,2,2,1,0,1
62,36,34,39,44,38,42,44,54,1729,1729,28,659094,8455,8456,2,4,23.0,8.0,13.0,6.0,1.44,4.33,7.5,4,0,1,1,0,0,1,1,0,2,2,0,2,2,1,0,0
63,59,57,49,47,53,39,40,44,1729,1729,28,659096,8191,8462,1,2,14.0,13.0,8.0,5.0,2.0,3.4,3.8,1,0,3,1,0,0,1,1,0,2,2,1,2,2,1,0,0
64,67,36,41,34,44,39,41,46,1729,1729,29,659101,8462,8455,0,5,10.0,20.0,6.0,11.0,12.0,5.0,1.3,2,3,1,0,1,1,1,1,0,2,2,1,2,2,1,0,0
65,60,70,70,70,55,35,70,35,1729,1729,29,659104,10252,8472,1,1,11.0,10.0,4.0,5.0,1.53,3.8,7.0,1,0,2,1,0,0,0,1,1,1,2,1,2,1,1,0,1
66,36,52,49,68,55,24,56,66,1729,1729,29,659105,9825,8191,3,1,20.0,8.0,11.0,5.0,1.14,7.5,21.0,3,0,1,0,0,0,1,1,0,1,2,1,0,2,1,0,2
67,59,57,49,47,53,39,40,44,1729,1729,3,658593,9825,8462,4,1,19.0,9.0,16.0,4.0,1.17,7.0,19.0,3,1,1,0,0,0,1,1,0,2,2,1,2,2,1,0,2
68,66,72,63,48,56,39,42,52,1729,1729,3,658594,8650,10252,1,3,21.0,7.0,12.0,4.0,1.44,4.2,8.0,2,3,1,1,0,0,0,1,0,2,2,1,2,2,1,0,0
69,67,36,41,34,44,39,41,46,1729,1729,3,658598,9879,8455,0,2,4.0,12.0,1.0,4.0,6.5,3.8,1.57,4,3,0,0,1,1,1,1,0,2,2,1,2,2,1,0,0
70,60,65,60,70,45,40,70,40,1729,1729,3,658601,8191,8668,1,0,8.0,17.0,4.0,11.0,3.4,3.3,2.2,1,1,2,3,0,0,1,1,0,1,2,1,2,1,1,0,2
71,70,60,70,65,75,65,65,50,1729,1729,30,659109,8472,8456,1,1,12.0,13.0,7.0,9.0,3.6,3.4,2.1,0,1,3,1,1,0,1,1,1,2,1,0,2,2,1,0,1
72,48,45,38,62,54,38,38,62,1729,1729,30,659111,10260,9879,3,0,33.0,8.0,19.0,5.0,1.22,6.0,15.0,3,1,0,3,0,0,1,1,0,2,2,1,2,2,1,0,2
73,68,62,40,47,56,49,51,44,1729,1729,30,659112,8650,8462,4,1,23.0,7.0,12.0,3.0,1.25,5.5,13.0,2,1,1,0,1,0,1,1,0,2,2,1,2,2,1,0,2
74,59,29,32,49,62,42,44,54,1729,1729,31,659126,9879,8456,1,2,10.0,14.0,4.0,9.0,3.1,3.25,2.38,3,1,0,2,0,1,2,1,2,2,2,1,2,2,1,0,0
75,66,45,34,34,46,51,52,61,1729,1729,31,659127,10260,8650,2,1,10.0,4.0,5.0,2.0,1.67,3.75,5.5,4,2,0,1,0,1,1,1,0,2,2,1,2,2,1,0,2
76,60,70,70,70,55,35,70,35,1729,1729,32,659129,8650,8472,3,0,25.0,7.0,16.0,2.0,1.3,5.25,11.0,2,0,1,2,0,0,0,1,1,1,2,1,2,1,1,0,2
77,65,50,45,55,50,35,45,65,1729,1729,32,659136,8455,10252,7,1,13.0,7.0,11.0,5.0,1.4,4.75,8.0,4,4,0,0,0,0,1,1,0,2,2,1,2,2,1,0,2
78,60,45,55,45,45,60,62,46,1729,1729,33,659142,10260,8455,1,2,9.0,11.0,3.0,5.0,2.63,3.2,2.75,4,4,0,0,0,0,1,1,0,2,2,1,2,2,1,0,0
79,36,34,39,44,38,42,44,54,1729,1729,33,659145,8191,8456,1,6,14.0,20.0,7.0,14.0,5.0,3.8,1.7,2,2,1,2,0,0,1,1,0,2,2,0,2,2,1,0,0
80,52,56,58,41,54,29,28,39,1729,1729,34,659154,8650,9879,0,0,18.0,2.0,9.0,2.0,1.29,5.0,13.0,3,0,0,3,0,1,1,1,0,2,2,1,0,0,1,0,1
81,43,40,39,33,63,52,58,59,1729,1729,34,659158,10252,8668,2,2,10.0,13.0,7.0,10.0,2.25,3.3,3.3,1,1,3,2,0,1,1,1,0,0,2,1,2,2,1,0,1
82,70,65,70,70,70,65,70,70,1729,1729,35,659161,8472,8191,2,1,16.0,9.0,11.0,4.0,1.62,3.75,6.0,0,0,3,0,1,0,1,1,1,1,1,1,2,1,2,0,2
83,65,50,45,55,50,35,45,65,1729,1729,35,659163,8462,10252,1,2,16.0,12.0,12.0,9.0,5.5,3.75,1.67,2,3,1,0,0,0,1,1,0,2,2,1,2,2,1,0,0
84,46,54,46,60,55,40,50,56,1729,1729,35,659168,8456,10260,0,1,8.0,13.0,5.0,3.0,2.88,3.5,2.4,3,1,1,1,0,0,1,1,0,2,2,1,2,2,1,0,0
85,52,49,49,56,59,39,39,57,1729,1729,36,659169,8668,9879,2,1,15.0,8.0,9.0,6.0,1.36,4.5,10.0,5,0,0,3,0,0,1,1,0,2,2,1,2,2,1,0,2
86,71,32,34,41,61,51,48,62,1729,1729,36,659175,8191,8650,0,4,12.0,12.0,6.0,10.0,5.5,4.0,1.62,2,1,0,1,1,1,2,1,0,2,2,1,2,2,1,0,0
87,59,29,38,36,24,48,47,54,1729,1729,36,659178,9825,8456,0,0,9.0,3.0,4.0,2.0,2.0,3.5,3.75,4,3,0,1,0,1,2,0,0,2,0,0,2,2,1,0,1
88,70,45,45,70,65,40,50,40,1729,1729,37,659181,8472,10260,0,1,10.0,14.0,2.0,9.0,9.5,4.75,1.36,1,2,3,1,1,0,1,1,0,1,2,0,2,2,1,0,0
89,65,50,45,55,50,35,45,65,1729,1729,37,659184,8456,10252,3,1,17.0,10.0,12.0,6.0,1.83,3.6,4.33,2,3,1,0,0,0,1,1,0,2,2,1,2,2,1,0,2
90,60,45,55,45,45,60,62,46,1729,1729,37,659368,8650,8455,0,2,7.0,15.0,2.0,11.0,4.0,3.8,1.83,3,4,1,0,0,0,1,1,0,2,2,1,2,2,1,0,0
91,68,62,40,47,56,49,51,44,1729,1729,38,659370,8668,8462,1,0,21.0,10.0,13.0,4.0,1.29,5.5,11.0,5,1,0,0,1,0,1,1,0,2,2,1,2,2,1,0,2
92,52,56,58,41,54,29,28,39,1729,1729,38,659375,9825,9879,4,0,16.0,5.0,11.0,2.0,1.2,7.0,13.0,4,0,1,2,0,1,1,1,0,2,2,1,0,0,1,0,2
93,59,30,28,44,46,51,44,52,1729,1729,4,658603,10260,9825,2,1,10.0,9.0,4.0,3.0,2.2,3.3,3.5,4,2,0,2,0,1,2,1,2,2,2,0,2,2,1,0,2
94,60,70,70,70,50,40,35,40,1729,1729,4,658605,10252,9879,2,0,9.0,6.0,4.0,3.0,1.73,3.6,5.25,1,0,4,2,0,0,0,1,1,1,2,1,2,2,1,0,2
95,70,60,70,65,75,65,65,50,1729,1729,4,658610,8462,8456,0,1,11.0,12.0,6.0,8.0,6.5,3.8,1.57,1,3,1,2,1,0,1,1,1,2,1,0,2,2,1,0,0
96,48,44,56,58,48,52,50,58,1729,1729,4,658612,8455,8191,3,0,27.0,3.0,17.0,0.0,1.14,8.0,21.0,4,0,0,0,0,0,1,1,0,2,2,1,2,2,1,0,2
97,54,55,56,59,48,48,50,58,1729,1729,5,658613,8650,8191,4,0,27.0,6.0,16.0,3.0,1.2,6.5,15.0,2,0,1,0,0,0,1,1,0,2,2,1,2,2,1,0,2
98,59,26,28,55,64,51,44,52,1729,1729,5,658616,8456,9825,4,2,10.0,19.0,6.0,9.0,2.88,3.25,2.5,2,1,1,2,0,1,2,1,2,2,2,0,2,2,1,0,2
99,43,40,39,33,63,52,58,59,1729,1729,5,658618,9879,8668,2,1,14.0,6.0,8.0,6.0,2.6,3.2,2.8,2,1,0,2,0,1,1,1,0,0,2,1,2,2,1,0,2
100,70,60,55,70,70,45,55,45,1729,1729,6,658623,10260,8456,4,3,21.0,10.0,11.0,6.0,1.57,4.0,6.0,4,3,0,2,1,0,1,1,0,1,1,1,2,2,1,0,2
101,36,48,48,66,51,36,44,48,1729,1729,6,658626,10252,8462,2,0,7.0,17.0,5.0,12.0,1.4,4.2,10.0,2,1,3,0,0,0,1,1,0,2,2,1,2,2,1,0,2
102,67,62,44,72,59,47,53,60,1729,1729,6,658631,8191,8472,3,1,10.0,8.0,3.0,5.0,2.88,3.25,2.5,1,0,0,2,1,0,1,1,0,1,2,1,2,2,1,0,2
103,58,62,48,59,32,41,44,59,1729,1729,7,658674,8462,8668,0,1,16.0,12.0,12.0,8.0,4.2,3.4,1.91,0,0,1,2,0,0,1,1,0,2,0,1,2,2,1,0,0
104,59,26,28,55,64,51,44,52,1729,1729,7,658676,9879,9825,0,1,18.0,14.0,12.0,4.0,6.5,4.0,1.53,2,1,0,1,0,1,2,1,2,2,2,0,2,2,1,0,0
105,43,51,59,50,55,47,45,49,1729,1729,8,658679,10260,8472,2,2,17.0,4.0,9.0,3.0,1.2,6.5,15.0,4,0,0,2,0,1,1,1,0,2,2,1,2,2,1,0,1
106,50,35,50,60,70,40,60,40,1729,1729,8,658683,8455,8650,2,0,12.0,12.0,8.0,3.0,2.1,3.3,3.6,4,2,0,1,0,0,1,1,0,2,1,1,2,2,1,0,2
107,70,60,70,65,75,65,65,50,1729,1729,8,658687,10252,8456,1,1,12.0,9.0,6.0,7.0,2.75,3.25,2.63,3,3,2,1,1,0,1,1,1,2,1,0,2,2,1,0,1
108,60,45,55,45,45,60,62,46,1729,1729,9,658694,10252,8455,2,1,7.0,21.0,5.0,13.0,4.5,3.6,1.8,2,4,3,0,0,0,1,1,0,2,2,1,2,2,1,0,2
109,39,44,42,34,54,59,52,61,1729,1729,9,658695,8472,8650,1,0,13.0,15.0,7.0,6.0,4.2,3.4,1.91,1,1,2,1,0,0,1,1,0,2,2,1,2,2,1,0,2
110,59,26,28,55,64,51,44,52,1729,1729,1,839801,8650,9825,1,1,7.0,14.0,4.0,7.0,2.5,3.25,2.88,3,1,1,1,0,1,2,1,2,2,2,0,2,2,1,0,1
111,67,36,41,34,44,39,41,46,1729,1729,11,839916,8650,8455,2,0,9.0,11.0,7.0,7.0,3.8,3.4,2.0,2,4,2,0,1,1,1,1,0,2,2,1,2,2,1,0,2
112,70,59,65,70,50,30,70,30,1729,1729,11,839919,9879,10252,1,1,14.0,15.0,10.0,8.0,2.2,3.25,3.4,2,3,0,0,1,0,1,1,0,1,2,0,0,1,0,0,1
113,60,50,55,70,55,55,65,60,1729,1729,11,839923,8483,8668,2,2,11.0,20.0,8.0,14.0,4.5,3.6,1.8,0,1,0,1,0,0,1,1,0,1,2,1,2,2,1,0,1
114,45,52,60,58,58,49,52,54,1729,1729,12,839929,10252,8483,3,2,19.0,12.0,12.0,6.0,1.62,3.75,6.0,3,0,2,0,0,0,1,1,0,2,2,1,2,2,1,0,2
115,46,38,46,68,37,49,49,56,1729,1729,12,839932,8456,10260,0,0,6.0,7.0,4.0,4.0,2.63,3.25,2.75,3,3,1,1,0,0,1,1,0,1,2,1,2,2,1,0,1
116,52,56,58,41,54,29,28,39,1729,1729,12,839933,8455,9879,1,0,19.0,5.0,10.0,3.0,1.2,6.5,15.0,4,0,0,1,0,1,1,1,0,2,2,1,0,0,1,0,2
117,38,44,49,44,40,54,53,56,1729,1729,13,839936,10252,10260,2,2,12.0,16.0,6.0,10.0,4.5,3.6,1.8,4,2,1,2,0,1,1,1,0,2,2,1,2,2,1,0,1
118,66,30,30,45,35,30,40,50,1729,1729,13,839937,8668,9825,1,2,14.0,13.0,7.0,8.0,3.4,3.3,2.2,5,1,0,1,0,0,2,0,2,2,2,0,0,2,1,0,0
119,55,55,55,65,55,45,55,65,1729,1729,13,839943,8455,8472,0,3,14.0,19.0,7.0,9.0,1.22,5.75,15.0,4,0,0,2,0,0,1,1,0,2,2,1,2,2,1,0,0
120,56,56,48,57,56,50,50,60,1729,1729,14,839947,8472,8668,2,2,13.0,10.0,8.0,8.0,2.6,3.2,2.8,2,1,2,2,0,0,1,1,0,2,2,1,2,2,1,0,1
121,36,34,39,44,38,42,44,54,1729,1729,14,839949,9879,8456,1,4,9.0,11.0,3.0,8.0,3.2,3.1,2.4,1,2,1,2,0,0,1,1,0,2,2,0,2,2,1,0,0
122,59,26,28,55,64,51,44,52,1729,1729,15,839957,10252,9825,2,4,6.0,17.0,4.0,10.0,3.4,3.3,2.2,3,2,2,1,0,1,2,1,2,2,2,0,2,2,1,0,0
123,52,48,39,54,59,29,30,39,1729,1729,16,839964,9825,9879,2,1,15.0,11.0,9.0,7.0,1.29,5.25,12.0,4,0,1,1,0,1,1,1,0,2,2,1,0,0,1,0,2
124,70,59,65,70,50,30,70,30,1729,1729,16,839965,8650,10252,3,0,12.0,5.0,7.0,2.0,1.62,3.75,6.0,2,2,2,1,1,0,1,1,0,1,2,0,0,1,0,0,2
125,65,40,65,65,70,45,45,65,1729,1729,16,839971,8483,10260,2,3,6.0,17.0,4.0,13.0,8.0,5.0,1.36,0,2,1,2,0,0,1,1,0,2,1,0,2,2,1,0,0
126,56,56,48,57,56,50,50,60,1729,1729,16,839973,8455,8668,1,1,12.0,16.0,5.0,7.0,1.36,4.75,9.0,4,1,0,3,0,0,1,1,0,2,2,1,2,2,1,0,1
127,30,29,41,55,39,64,54,52,1729,1729,17,839974,10260,9825,1,0,14.0,11.0,10.0,6.0,2.0,3.4,3.8,3,3,1,1,2,0,2,1,0,2,2,0,2,2,1,0,2
128,60,61,56,44,58,41,38,53,1729,1729,17,839981,9879,8472,0,0,14.0,11.0,13.0,2.0,2.2,3.25,3.4,1,1,1,2,0,0,1,1,0,2,2,1,2,2,1,0,1
129,52,48,39,54,59,29,30,39,1729,1729,18,839985,8650,9879,1,0,11.0,12.0,7.0,8.0,1.53,3.8,7.0,3,0,1,0,0,1,1,1,0,2,2,1,0,0,1,0,2
130,60,65,60,70,45,40,70,40,1729,1729,18,839987,8456,8668,1,2,25.0,4.0,15.0,3.0,1.73,3.6,5.0,2,1,2,3,0,0,1,1,0,1,2,1,2,1,1,0,0
131,65,40,65,65,70,45,45,65,1729,1729,18,839993,8455,10260,2,1,17.0,12.0,11.0,7.0,2.2,3.2,3.6,3,3,1,2,0,0,1,1,0,2,1,0,2,2,1,0,2
132,67,62,44,72,59,47,53,60,1729,1729,19,839994,10260,8472,2,0,14.0,6.0,10.0,2.0,1.29,5.5,11.0,3,1,1,2,1,0,1,1,0,1,2,1,2,2,1,0,2
133,46,41,46,61,63,42,43,46,1729,1729,19,839995,9825,8455,3,1,10.0,10.0,8.0,4.0,2.63,3.2,2.75,4,3,1,0,0,0,1,1,0,2,2,1,2,2,1,0,2
134,71,32,34,41,61,51,48,62,1729,1729,19,840003,8483,8650,2,1,13.0,10.0,9.0,6.0,3.8,3.75,1.91,0,1,1,1,1,1,2,1,0,2,2,1,2,2,1,0,2
135,62,64,59,43,64,39,38,54,1729,1729,2,839824,9825,8483,6,0,26.0,3.0,16.0,1.0,1.17,7.0,19.0,4,0,1,0,0,1,1,1,0,2,2,1,2,2,1,0,2
136,50,35,50,60,70,40,60,40,1729,1729,2,839828,8456,8650,3,0,8.0,13.0,3.0,7.0,2.38,3.25,3.1,2,1,1,0,0,0,1,1,0,2,1,1,2,2,1,0,2
137,65,40,65,65,70,45,45,65,1729,1729,2,839829,9879,10260,2,2,16.0,14.0,8.0,7.0,6.0,4.0,1.57,1,2,2,2,0,0,1,1,0,2,1,0,2,2,1,0,1
138,45,52,60,58,58,49,52,54,1729,1729,20,840005,8472,8483,0,2,32.0,9.0,16.0,4.0,1.62,3.75,6.0,2,0,2,0,0,0,1,1,0,2,2,1,2,2,1,0,0
139,63,59,52,55,34,39,41,54,1729,1729,20,840008,8456,10252,4,0,11.0,9.0,8.0,4.0,1.44,4.2,8.0,3,1,1,1,0,0,1,1,0,2,2,1,2,2,1,0,2
140,67,72,70,48,58,39,38,54,1729,1729,21,840059,8456,8483,1,0,15.0,8.0,4.0,6.0,1.29,5.5,10.0,3,1,1,0,1,1,0,1,1,2,2,1,2,2,1,0,2
141,63,54,60,48,38,35,44,54,1729,1729,21,840064,8455,10252,3,3,15.0,16.0,10.0,10.0,1.25,5.5,13.0,3,1,1,1,0,1,1,1,0,2,2,1,2,2,1,0,1
142,70,60,55,70,70,45,55,45,1729,1729,22,840066,9825,8456,0,0,13.0,5.0,8.0,0.0,1.91,3.6,4.0,4,2,1,2,1,0,1,1,0,1,1,1,2,2,1,0,1
143,55,55,55,65,55,45,55,65,1729,1729,22,840070,10252,8472,0,1,8.0,11.0,2.0,5.0,2.2,3.25,3.4,2,1,2,2,0,0,1,1,0,2,2,1,2,2,1,0,0
144,56,56,48,57,56,50,50,60,1729,1729,23,840075,8650,8668,2,2,19.0,10.0,14.0,5.0,2.2,3.2,3.5,4,2,1,3,0,0,1,1,0,2,2,1,2,2,1,0,1
145,36,34,39,44,38,42,44,54,1729,1729,24,840087,10252,8456,1,0,10.0,24.0,8.0,14.0,3.5,3.4,2.1,2,2,1,2,0,0,1,1,0,2,2,0,2,2,1,0,2
146,60,61,56,44,58,41,38,53,1729,1729,24,840094,8483,8472,1,2,13.0,11.0,7.0,6.0,2.5,3.25,2.88,1,2,1,2,0,0,1,1,0,2,2,1,2,2,1,0,0
147,63,54,60,48,38,35,44,54,1729,1729,25,840095,10260,10252,3,1,18.0,9.0,11.0,5.0,1.33,5.0,9.5,4,0,1,2,0,1,1,1,0,2,2,1,2,2,1,0,2
148,60,65,60,70,45,40,70,40,1729,1729,25,840096,9825,8668,2,1,19.0,4.0,10.0,4.0,1.4,4.5,8.5,4,1,1,4,0,0,1,1,0,1,2,1,2,1,1,0,2
149,60,50,60,60,80,35,55,50,1729,1729,25,840097,8472,8455,2,4,4.0,21.0,3.0,14.0,5.5,3.6,1.67,2,2,1,0,0,0,1,0,0,2,1,0,2,2,1,0,0
150,48,45,38,62,54,38,38,62,1729,1729,26,840107,10252,9879,2,2,10.0,13.0,5.0,9.0,1.91,3.4,4.2,2,0,1,0,0,0,1,1,0,2,2,1,2,2,1,0,1
151,45,52,60,58,58,49,52,54,1729,1729,26,840108,8668,8483,5,3,23.0,11.0,16.0,7.0,1.44,4.5,7.0,4,1,0,0,0,0,1,1,0,2,2,1,2,2,1,0,2
152,60,50,40,45,60,55,55,50,1729,1729,26,840114,8455,8650,0,1,14.0,7.0,4.0,4.0,1.62,4.0,5.5,2,1,2,0,0,0,1,1,0,2,2,1,2,2,1,0,0
153,45,55,40,38,48,50,60,54,1729,1729,27,840115,10260,8456,2,1,11.0,13.0,6.0,8.0,1.73,3.6,5.0,4,1,1,2,0,0,1,1,0,2,2,0,2,2,1,0,2
154,46,41,46,61,63,42,43,46,1729,1729,27,840120,9879,8455,0,0,12.0,23.0,8.0,9.0,5.0,3.6,1.73,0,2,3,0,0,0,1,1,0,2,2,1,2,2,1,0,1
155,70,59,65,70,50,30,70,30,1729,1729,27,840124,8483,10252,1,1,14.0,7.0,5.0,4.0,3.25,3.4,2.2,1,0,1,2,1,0,1,1,0,1,2,0,0,1,0,0,1
156,60,61,56,44,58,41,38,53,1729,1729,28,840128,8668,8472,2,0,17.0,12.0,9.0,7.0,1.73,3.6,5.0,4,3,0,1,0,0,1,1,0,2,2,1,2,2,1,0,2
157,52,48,39,54,59,29,30,39,1729,1729,28,840130,8456,9879,1,1,14.0,11.0,4.0,5.0,1.5,4.0,7.5,3,0,1,1,0,1,1,1,0,2,2,1,0,0,1,0,1
158,60,70,70,70,55,35,70,35,1729,1729,29,840135,9825,8472,0,0,14.0,6.0,7.0,3.0,1.44,4.33,7.5,4,2,1,1,0,0,0,1,1,1,2,1,2,1,1,0,1
159,65,40,65,65,70,45,45,65,1729,1729,29,840136,8650,10260,3,1,17.0,12.0,10.0,7.0,2.8,3.2,2.6,3,1,2,3,0,0,1,1,0,2,1,0,2,2,1,0,2
160,70,60,56,70,70,30,60,35,1729,1729,29,840144,8483,8455,1,3,14.0,18.0,5.0,11.0,10.0,5.5,1.3,1,1,2,1,1,0,1,0,0,1,1,0,0,2,1,0,0
161,70,60,70,65,75,65,65,50,1729,1729,3,839836,8472,8456,1,0,12.0,9.0,4.0,7.0,4.5,3.5,1.83,1,1,1,2,1,0,1,1,1,2,1,0,2,2,1,0,2
162,56,56,48,57,56,50,50,60,1729,1729,3,839838,10252,8668,1,0,12.0,15.0,6.0,9.0,2.5,3.25,2.88,1,1,2,3,0,0,1,1,0,2,2,1,2,2,1,0,2
163,52,49,49,56,59,39,39,57,1729,1729,3,839842,8483,9879,2,2,14.0,12.0,5.0,7.0,3.2,3.25,2.3,1,0,1,2,0,0,1,1,0,2,2,1,2,2,1,0,1
164,71,32,34,41,61,51,48,62,1729,1729,30,840146,8472,8650,0,2,3.0,10.0,1.0,4.0,2.63,3.2,2.75,2,1,1,0,1,1,2,1,0,2,2,1,2,2,1,0,0
165,52,48,39,54,59,29,30,39,1729,1729,30,840149,8668,9879,2,1,16.0,12.0,12.0,6.0,2.0,3.25,4.0,4,0,0,3,0,1,1,1,0,2,2,1,0,0,1,0,2
166,70,60,55,70,70,45,55,45,1729,1729,30,840154,8455,8456,2,0,16.0,5.0,11.0,2.0,1.62,3.75,6.0,1,1,2,1,1,0,1,1,0,1,1,1,2,2,1,0,2
167,65,50,45,55,50,35,45,65,1729,1729,31,840157,8668,10252,2,2,14.0,7.0,7.0,5.0,1.83,3.6,4.33,4,0,0,2,0,0,1,1,0,2,2,1,2,2,1,0,1
168,67,62,44,72,59,47,53,60,1729,1729,31,840159,8456,8472,5,0,14.0,8.0,12.0,4.0,1.5,4.0,7.0,3,2,1,1,1,0,1,1,0,1,2,1,2,2,1,0,2
169,45,52,60,58,58,49,52,54,1729,1729,31,840160,9879,8483,3,0,13.0,10.0,11.0,6.0,1.53,4.2,6.0,0,1,4,0,0,0,1,1,0,2,2,1,2,2,1,0,2
170,52,56,58,41,54,29,28,39,1729,1729,32,840165,10260,9879,2,0,16.0,12.0,12.0,5.0,1.44,4.33,7.5,4,0,1,3,0,1,1,1,0,2,2,1,0,0,1,0,2
171,59,29,38,36,24,48,47,54,1729,1729,32,840166,8650,8456,3,0,15.0,13.0,7.0,4.0,2.6,3.2,2.8,4,0,1,1,0,1,2,0,0,2,0,0,2,2,1,0,2
172,66,30,30,45,35,30,40,50,1729,1729,32,840173,8483,9825,1,3,12.0,16.0,6.0,7.0,8.5,5.0,1.36,1,3,2,1,0,0,2,0,2,2,2,0,0,2,1,0,0
173,60,50,40,45,60,55,55,50,1729,1729,33,840175,9825,8650,1,1,12.0,9.0,6.0,5.0,1.73,3.6,5.0,3,2,2,0,0,0,1,1,0,2,2,1,2,2,1,0,1
174,56,56,48,57,56,50,50,60,1729,1729,34,840185,10260,8668,1,0,21.0,5.0,12.0,3.0,1.44,4.33,7.5,5,1,0,2,0,0,1,1,0,2,2,1,2,2,1,0,2
175,46,38,46,68,37,49,49,56,1729,1729,35,840195,9825,10260,1,0,9.0,11.0,2.0,7.0,2.5,3.25,2.88,2,1,3,2,0,0,1,1,0,1,2,1,2,2,1,0,2
176,52,56,58,41,54,29,28,39,1729,1729,35,840197,8472,9879,0,3,11.0,9.0,7.0,6.0,2.6,3.2,2.8,1,0,1,3,0,1,1,1,0,2,2,1,0,0,1,0,0
177,67,36,41,34,44,39,41,46,1729,1729,36,840205,10260,8455,2,1,13.0,19.0,8.0,11.0,2.38,3.25,3.1,5,2,0,1,1,1,1,1,0,2,2,1,2,2,1,0,2
178,70,60,55,70,70,45,55,45,1729,1729,36,840209,8668,8456,2,1,10.0,12.0,6.0,7.0,2.7,3.2,2.7,3,0,1,0,1,0,1,1,0,1,1,1,2,2,1,0,2
179,60,50,40,45,60,55,55,50,1729,1729,36,840212,9879,8650,2,5,10.0,16.0,7.0,11.0,2.88,3.25,2.5,1,2,3,1,0,0,1,1,0,2,2,1,2,2,1,0,0
180,67,58,44,60,56,43,50,52,1729,1729,37,840215,9825,10252,1,2,24.0,8.0,15.0,5.0,1.36,5.0,8.5,2,0,3,3,1,0,1,1,0,2,2,1,2,2,1,0,0
181,45,52,60,58,58,49,52,54,1729,1729,38,840225,10260,8483,4,2,18.0,14.0,11.0,7.0,1.6,4.0,5.5,5,1,0,0,0,0,1,1,0,2,2,1,2,2,1,0,2
182,71,32,34,41,61,51,48,62,1729,1729,38,840228,10252,8650,1,0,10.0,9.0,8.0,4.0,3.2,3.4,2.25,2,3,1,1,1,1,2,1,0,2,2,1,2,2,1,0,2
183,67,36,41,34,44,39,41,46,1729,1729,38,840229,8668,8455,1,0,11.0,19.0,3.0,9.0,3.1,3.25,2.38,4,2,1,1,1,1,1,1,0,2,2,1,2,2,1,0,2
184,59,30,28,44,46,51,44,52,1729,1729,38,840232,9879,9825,2,2,10.0,12.0,6.0,6.0,3.75,3.6,1.95,1,3,3,1,0,1,2,1,2,2,2,0,2,2,1,0,1
185,70,45,45,70,65,40,50,40,1729,1729,4,839846,8668,10260,3,3,23.0,13.0,14.0,8.0,4.2,3.4,1.91,4,1,1,1,1,0,1,1,0,1,2,0,2,2,1,0,1
186,60,50,40,45,60,55,55,50,1729,1729,5,839854,10260,8650,3,2,16.0,7.0,7.0,1.0,1.7,3.5,5.5,5,3,0,1,0,0,1,1,0,2,2,1,2,2,1,0,2
187,25,32,41,34,30,57,57,52,1729,1729,5,839855,8472,9825,1,1,16.0,16.0,5.0,7.0,5.5,3.7,1.67,1,3,0,1,2,0,2,1,0,2,0,0,2,2,1,0,1
188,45,52,60,58,58,49,52,54,1729,1729,5,839863,8455,8483,4,0,27.0,11.0,15.0,4.0,1.1,9.0,26.0,2,1,2,0,0,0,1,1,0,2,2,1,2,2,1,0,2
189,60,61,56,44,58,41,38,53,1729,1729,6,839865,8650,8472,2,2,13.0,10.0,5.0,1.0,1.44,4.33,7.5,4,2,1,1,0,0,1,1,0,2,2,1,2,2,1,0,1
190,67,36,41,34,44,39,41,46,1729,1729,6,839868,8456,8455,1,0,8.0,15.0,6.0,4.0,3.6,3.3,2.1,4,2,1,1,1,1,1,1,0,2,2,1,2,2,1,0,2
191,60,65,60,70,45,40,70,40,1729,1729,6,839870,9879,8668,0,0,12.0,15.0,2.0,7.0,2.75,3.2,2.63,1,1,3,1,0,0,1,1,0,1,2,1,2,1,1,0,1
192,70,30,65,30,65,45,50,45,1729,1729,7,839874,8650,8483,1,2,19.0,11.0,10.0,7.0,1.33,5.0,10.0,3,0,2,0,1,0,2,1,0,0,2,1,2,2,1,0,0
193,46,54,46,60,55,40,50,56,1729,1729,7,839875,8472,10260,0,0,14.0,10.0,8.0,4.0,5.0,3.5,1.75,1,0,1,2,0,0,1,1,0,2,2,1,2,2,1,0,1
194,30,29,41,55,39,64,54,52,1729,1729,7,839883,8455,9825,2,0,11.0,13.0,6.0,5.0,1.73,3.6,5.0,3,2,1,2,2,0,2,1,0,2,2,0,2,2,1,0,2
195,67,38,41,61,68,39,41,46,1729,1729,8,839886,10252,8455,0,0,11.0,13.0,5.0,6.0,5.0,3.6,1.73,3,1,1,1,1,1,1,1,0,2,1,1,2,2,1,0,1
196,66,45,34,34,46,51,52,61,1729,1729,8,839887,8668,8650,2,0,9.0,15.0,6.0,9.0,2.4,3.25,3.0,3,2,2,1,0,1,1,1,0,2,2,1,2,2,1,0,2
197,70,60,55,70,70,45,55,45,1729,1729,8,839893,8483,8456,2,3,16.0,13.0,5.0,8.0,5.5,4.0,1.62,0,0,2,0,1,0,1,1,0,1,1,1,2,2,1,0,0
198,65,50,45,55,50,35,45,65,1729,1729,9,839895,8472,10252,1,0,13.0,11.0,6.0,7.0,2.4,3.25,3.0,1,1,2,3,0,0,1,1,0,2,2,1,2,2,1,0,2
199,25,32,41,34,30,57,57,52,1729,1729,9,839898,8456,9825,0,3,9.0,12.0,6.0,8.0,2.5,3.2,2.9,4,1,1,2,2,0,2,1,0,2,0,0,2,2,1,0,0
200,63,59,52,55,34,39,41,54,1729,1729,1,1024173,9879,10252,0,0,13.0,7.0,9.0,1.0,2.2,3.2,3.5,1,1,3,2,0,0,1,1,0,2,2,1,2,2,1,0,1
201,60,61,56,44,58,41,38,53,1729,1729,1,1024175,8650,8472,1,1,11.0,15.0,4.0,6.0,1.57,3.6,7.0,2,1,2,2,0,0,1,1,0,2,2,1,2,2,1,0,1
202,59,30,28,44,46,51,44,52,1729,1729,10,1024671,8455,9825,3,5,12.0,13.0,10.0,8.0,1.62,4.0,5.5,3,2,1,2,0,1,2,1,2,2,2,0,2,2,1,0,0
203,70,45,45,70,65,40,50,40,1729,1729,10,1024675,8668,10260,0,1,18.0,7.0,11.0,6.0,4.5,3.6,1.8,3,0,2,3,1,0,1,1,0,1,2,0,2,2,1,0,0
204,65,50,45,55,50,35,45,65,1729,1729,10,1024695,8472,10252,2,2,13.0,10.0,8.0,5.0,2.1,3.3,3.6,1,1,2,3,0,0,1,1,0,2,2,1,2,2,1,0,1
205,67,62,44,72,59,47,53,60,1729,1729,11,1024759,10260,8472,1,0,15.0,9.0,9.0,3.0,1.25,5.5,13.0,5,0,0,3,1,0,1,1,0,1,2,1,2,2,1,0,2
206,39,44,42,34,54,59,52,61,1729,1729,12,1024787,8455,8650,1,2,18.0,9.0,5.0,3.0,1.83,3.5,4.5,3,1,0,1,0,0,1,1,0,2,2,1,2,2,1,0,0
207,52,56,58,41,54,29,28,39,1729,1729,12,1024809,8472,9879,0,0,13.0,13.0,8.0,9.0,2.3,3.25,3.2,1,1,3,2,0,1,1,1,0,2,2,1,0,0,1,0,1
208,52,48,39,54,59,29,30,39,1729,1729,13,1024830,9825,9879,1,1,20.0,10.0,12.0,6.0,1.44,4.2,8.0,2,1,2,2,0,1,1,1,0,2,2,1,0,0,1,0,1
209,70,60,55,70,70,45,55,45,1729,1729,13,1024841,8650,8456,1,1,17.0,7.0,9.0,3.0,2.75,3.2,2.63,2,1,2,0,1,0,1,1,0,1,1,1,2,2,1,0,1
210,65,40,65,65,70,45,45,65,1729,1729,14,1024882,10252,10260,0,1,7.0,11.0,3.0,5.0,5.0,3.6,1.73,3,1,2,2,0,0,1,1,0,2,1,0,2,2,1,0,0
211,60,60,48,73,53,50,48,62,1729,1729,14,1024895,9879,8650,1,0,19.0,17.0,13.0,9.0,3.5,3.4,2.1,1,2,3,0,0,0,1,1,0,1,2,1,2,2,1,0,2
212,58,62,48,59,32,41,44,59,1729,1729,15,1024920,9825,8668,1,0,12.0,7.0,7.0,1.0,1.53,4.0,6.5,1,0,3,2,0,0,1,1,0,2,0,1,2,2,1,0,2
213,59,29,32,49,62,42,44,54,1729,1729,15,1024930,8455,8456,2,1,13.0,7.0,7.0,4.0,2.4,3.3,3.0,3,1,0,1,0,1,2,1,2,2,2,1,2,2,1,0,2
214,66,45,34,34,46,51,52,61,1729,1729,16,1024973,10252,8650,0,2,16.0,19.0,8.0,12.0,4.2,3.4,1.91,2,1,2,0,0,1,1,1,0,2,2,1,2,2,1,0,0
215,66,30,30,45,35,30,40,50,1729,1729,16,1024992,8456,9825,1,0,15.0,12.0,9.0,8.0,1.73,3.75,4.5,3,2,1,2,0,0,2,0,2,2,2,0,0,2,1,0,2
216,75,40,40,45,65,50,40,45,1729,1729,17,1025040,10252,9825,1,2,10.0,8.0,4.0,6.0,5.0,3.6,1.73,2,2,1,1,1,0,1,0,0,2,2,0,2,2,1,0,0
217,46,54,46,60,55,40,50,56,1729,1729,17,1025054,9879,10260,0,5,13.0,14.0,8.0,12.0,5.0,3.6,1.73,1,2,3,2,0,0,1,1,0,2,2,1,2,2,1,0,0
218,52,49,49,56,59,39,39,57,1729,1729,18,1025084,8455,9879,1,1,24.0,9.0,15.0,6.0,1.3,5.0,12.0,3,1,0,2,0,0,1,1,0,2,2,1,2,2,1,0,1
219,61,42,39,59,48,52,58,60,1729,1729,18,1025108,8472,8668,1,1,12.0,9.0,8.0,3.0,2.4,3.25,3.0,1,0,4,1,0,1,1,1,0,2,2,1,2,2,1,0,1
220,63,54,60,48,38,35,44,54,1729,1729,19,1025137,8455,10252,1,3,16.0,12.0,5.0,9.0,1.29,5.0,13.0,2,1,1,3,0,1,1,1,0,2,2,1,2,2,1,0,0
221,70,60,55,70,70,45,55,45,1729,1729,19,1025157,8472,8456,1,0,8.0,25.0,5.0,11.0,6.5,4.0,1.53,1,1,4,1,1,0,1,1,0,1,1,1,2,2,1,0,2
222,60,50,40,45,60,55,55,50,1729,1729,2,1024285,9825,8650,0,2,10.0,13.0,6.0,8.0,2.5,3.25,2.9,2,2,2,0,0,0,1,1,0,2,2,1,2,2,1,0,0
223,25,32,41,34,30,57,57,52,1729,1729,20,1025202,9879,9825,2,1,21.0,17.0,8.0,10.0,4.0,3.5,1.91,1,3,3,0,2,0,2,1,0,2,0,0,2,2,1,0,2
224,50,35,50,60,70,40,60,40,1729,1729,20,1025207,8456,8650,3,0,10.0,18.0,8.0,10.0,1.91,3.4,4.2,3,3,1,0,0,0,1,1,0,2,1,1,2,2,1,0,2
225,60,50,55,70,55,55,65,60,1729,1729,21,1025240,10252,8668,1,1,17.0,7.0,11.0,4.0,2.4,3.25,3.0,1,0,1,2,0,0,1,1,0,1,2,1,2,2,1,0,1
226,67,62,44,72,59,47,53,60,1729,1729,21,1025248,8455,8472,1,0,21.0,9.0,10.0,4.0,1.4,4.5,8.5,1,0,1,3,1,0,1,1,0,1,2,1,2,2,1,0,2
227,46,38,46,68,37,49,49,56,1729,1729,22,1025274,9825,10260,1,2,12.0,9.0,6.0,5.0,2.8,3.4,2.5,2,3,1,2,0,0,1,1,0,1,2,1,2,2,1,0,0
228,59,29,32,49,62,42,44,54,1729,1729,23,1025448,8668,8456,1,0,9.0,17.0,4.0,11.0,4.33,3.5,1.85,3,1,1,1,0,1,2,1,2,2,2,1,2,2,1,0,2
229,38,44,49,44,40,54,53,56,1729,1729,24,1025473,8455,10260,3,3,19.0,14.0,10.0,10.0,2.5,3.3,2.88,2,4,1,1,0,1,1,1,0,2,2,1,2,2,1,0,1
230,60,70,70,70,50,40,35,40,1729,1729,24,1025479,8456,9879,3,0,16.0,11.0,10.0,8.0,1.3,5.5,10.0,4,1,0,3,0,0,0,1,1,1,2,1,2,2,1,0,2
231,70,60,70,65,75,65,65,50,1729,1729,25,1025514,10252,8456,0,1,9.0,17.0,5.0,10.0,5.5,3.6,1.67,0,1,2,1,1,0,1,1,1,2,1,0,2,2,1,0,0
232,60,45,55,45,45,60,62,46,1729,1729,25,1025520,8668,8455,2,0,10.0,8.0,7.0,7.0,3.25,3.3,2.25,3,1,1,1,0,0,1,1,0,2,2,1,2,2,1,0,2
233,39,44,42,34,54,59,52,61,1729,1729,25,1025531,10260,8650,2,1,11.0,9.0,6.0,6.0,1.85,3.6,4.33,5,3,0,0,0,0,1,1,0,2,2,1,2,2,1,0,2
234,59,26,28,55,64,51,44,52,1729,1729,25,1025538,8472,9825,1,2,8.0,10.0,5.0,8.0,3.5,3.4,2.1,2,3,3,0,0,1,2,1,2,2,2,0,2,2,1,0,0
235,43,40,39,33,63,52,58,59,1729,1729,26,1025567,8650,8668,3,0,15.0,5.0,10.0,3.0,1.73,3.4,5.5,1,0,3,3,0,1,1,1,0,0,2,1,2,2,1,0,2
236,66,30,30,45,35,30,40,50,1729,1729,27,1025634,8650,9825,1,2,12.0,10.0,4.0,7.0,2.0,3.5,3.75,1,3,3,0,0,0,2,0,2,2,2,0,0,2,1,0,0
237,50,55,45,55,40,45,35,50,1729,1729,28,1025682,10252,9879,1,0,19.0,5.0,8.0,1.0,2.5,3.25,2.88,0,1,1,3,0,0,1,1,0,2,2,1,2,2,1,0,2
238,60,60,48,73,53,50,48,62,1729,1729,28,1025709,8472,8650,1,0,6.0,9.0,1.0,5.0,3.8,3.4,2.0,1,2,3,0,0,0,1,1,0,1,2,1,2,2,1,0,2
239,30,29,41,55,39,64,54,52,1729,1729,29,1025739,8668,9825,0,1,7.0,12.0,2.0,8.0,3.0,3.4,2.3,3,3,1,0,2,0,2,1,0,2,2,0,2,2,1,0,0
240,67,38,41,61,68,39,41,46,1729,1729,29,1025747,8456,8455,2,1,20.0,6.0,10.0,5.0,1.91,3.6,4.0,4,0,0,1,1,1,1,1,0,2,1,1,2,2,1,0,2
241,59,30,28,44,46,51,44,52,1729,1729,3,1024348,10260,9825,8,2,25.0,19.0,15.0,13.0,1.5,4.33,6.5,5,4,0,0,0,1,2,1,2,2,2,0,2,2,1,0,2
242,70,59,65,70,50,30,70,30,1729,1729,30,1025771,9825,10252,3,0,20.0,3.0,12.0,2.0,1.33,5.0,10.0,1,2,1,2,1,0,1,1,0,1,2,0,0,1,0,0,2
243,50,55,45,55,40,45,35,50,1729,1729,30,1025790,10260,9879,1,0,19.0,5.0,16.0,4.0,1.22,6.0,15.0,5,0,0,3,0,0,1,1,0,2,2,1,2,2,1,0,2
244,60,45,55,45,45,60,62,46,1729,1729,31,1025815,10252,8455,2,4,9.0,12.0,5.0,9.0,4.5,3.5,1.83,1,0,1,1,0,0,1,1,0,2,2,1,2,2,1,0,0
245,57,66,56,31,72,47,52,49,1729,1729,31,1025832,8456,8472,3,3,19.0,8.0,10.0,4.0,1.22,6.5,12.0,4,0,0,2,0,0,1,1,0,0,1,1,2,2,1,0,1
246,59,29,32,49,62,42,44,54,1729,1729,32,1025864,9825,8456,1,0,12.0,7.0,7.0,2.0,2.4,3.4,2.88,2,1,1,1,0,1,2,1,2,2,2,1,2,2,1,0,2
247,63,54,60,48,38,35,44,54,1729,1729,32,1025879,8650,10252,1,1,21.0,5.0,5.0,3.0,1.44,4.33,7.5,1,1,2,2,0,1,1,1,0,2,2,1,2,2,1,0,1
248,60,70,70,70,55,35,70,35,1729,1729,33,1025923,8668,8472,4,0,22.0,3.0,12.0,0.0,1.83,3.5,4.5,3,0,0,3,0,0,0,1,1,1,2,1,2,1,1,0,2
249,60,50,60,60,80,35,55,50,1729,1729,33,1025927,9879,8455,1,1,11.0,12.0,9.0,4.0,3.5,3.4,2.1,2,1,2,1,0,0,1,0,0,2,1,0,2,2,1,0,1
250,48,45,38,62,54,38,38,62,1729,1729,34,1025964,8650,9879,0,1,18.0,7.0,5.0,4.0,1.62,4.0,5.5,1,0,3,2,0,0,1,1,0,2,2,1,2,2,1,0,0
251,63,59,52,55,34,39,41,54,1729,1729,34,1025969,10260,10252,4,0,24.0,10.0,16.0,4.0,1.22,6.5,13.0,5,1,0,3,0,0,1,1,0,2,2,1,2,2,1,0,2
252,67,38,41,61,68,39,41,46,1729,1729,35,1025999,9825,8455,0,0,13.0,13.0,8.0,7.0,2.0,3.6,3.6,3,1,0,2,1,1,1,1,0,2,1,1,2,2,1,0,1
253,43,51,59,50,55,47,45,49,1729,1729,35,1026004,10252,8472,0,0,12.0,10.0,7.0,5.0,2.3,3.3,3.2,1,0,1,2,0,1,1,1,0,2,2,1,2,2,1,0,1
254,60,65,60,70,45,40,70,40,1729,1729,35,1026031,10260,8668,4,4,20.0,17.0,11.0,10.0,1.3,5.0,11.0,5,0,0,3,0,0,1,1,0,1,2,1,2,1,1,0,1
255,50,55,45,55,40,45,35,50,1729,1729,36,1026060,8668,9879,4,0,11.0,6.0,7.0,5.0,1.83,3.5,4.5,3,1,0,1,0,0,1,1,0,2,2,1,2,2,1,0,2
256,46,54,46,60,55,40,50,56,1729,1729,36,1026062,8456,10260,1,0,12.0,4.0,5.0,2.0,2.1,3.5,3.4,4,4,1,1,0,0,1,1,0,2,2,1,2,2,1,0,2
257,57,66,56,31,72,47,52,49,1729,1729,37,1026125,9879,8472,2,1,20.0,12.0,15.0,7.0,1.83,3.6,4.33,2,0,2,2,0,0,1,1,0,0,1,1,2,2,1,0,2
258,67,38,41,61,68,39,41,46,1729,1729,37,1026131,8650,8455,4,1,23.0,9.0,13.0,5.0,2.1,3.5,3.4,1,1,2,2,1,1,1,1,0,2,1,1,2,2,1,0,2
259,38,44,49,44,40,54,53,56,1729,1729,38,1026188,8472,10260,0,1,6.0,17.0,5.0,9.0,7.0,4.5,1.44,2,3,2,1,0,1,1,1,0,2,2,1,2,2,1,0,0
260,70,59,65,70,50,30,70,30,1729,1729,4,1024403,8668,10252,2,2,17.0,7.0,10.0,3.0,2.0,3.4,3.8,4,1,0,2,1,0,1,1,0,1,2,0,0,1,0,0,1
261,60,50,60,60,80,35,55,50,1729,1729,4,1024424,8472,8455,1,2,14.0,16.0,7.0,8.0,5.0,3.75,1.7,2,1,1,2,0,0,1,0,0,2,1,0,2,2,1,0,0
262,45,55,40,38,48,50,60,54,1729,1729,5,1024449,9879,8456,2,2,14.0,18.0,11.0,11.0,6.5,3.8,1.57,3,1,1,0,0,0,1,1,0,2,2,0,2,2,1,0,1
263,46,41,46,61,63,42,43,46,1729,1729,5,1024452,10260,8455,3,1,12.0,20.0,7.0,9.0,1.83,3.5,4.5,4,2,1,2,0,0,1,1,0,2,2,1,2,2,1,0,2
264,61,42,39,59,48,52,58,60,1729,1729,6,1024490,8456,8668,2,0,18.0,7.0,8.0,3.0,1.44,4.33,7.5,4,0,1,3,0,1,1,1,0,2,2,1,2,2,1,0,2
265,66,45,34,34,46,51,52,61,1729,1729,7,1024537,8668,8650,0,2,12.0,15.0,4.0,9.0,3.1,3.2,2.4,3,2,1,0,0,1,1,1,0,2,2,1,2,2,1,0,0
266,60,61,56,44,58,41,38,53,1729,1729,8,1024563,9825,8472,2,1,20.0,8.0,11.0,4.0,1.44,4.33,7.5,2,0,1,2,0,0,1,1,0,2,2,1,2,2,1,0,2
267,43,40,39,33,63,52,58,59,1729,1729,8,1024568,8455,8668,3,1,7.0,9.0,5.0,5.0,1.36,4.5,10.0,2,0,2,3,0,1,1,1,0,0,2,1,2,2,1,0,2
268,70,45,45,70,65,40,50,40,1729,1729,8,1024573,8650,10260,1,1,14.0,10.0,8.0,3.0,3.0,3.3,2.4,2,3,1,1,1,0,1,1,0,1,2,0,2,2,1,0,1
269,65,50,45,55,50,35,45,65,1729,1729,8,1024576,8456,10252,4,1,15.0,8.0,10.0,6.0,1.33,5.0,10.0,4,1,1,2,0,0,1,1,0,2,2,1,2,2,1,0,2
270,56,56,48,57,56,50,50,60,1729,1729,9,1024638,9879,8668,1,3,15.0,11.0,8.0,7.0,2.25,3.25,3.3,2,0,2,2,0,0,1,1,0,2,2,1,2,2,1,0,0
271,36,34,39,44,38,42,44,54,1729,1729,9,1024649,10260,8456,1,6,12.0,19.0,8.0,12.0,2.0,3.4,3.8,4,1,1,1,0,0,1,1,0,2,2,0,2,2,1,0,0
272,60,61,56,44,58,41,38,53,1729,1729,1,1228229,9825,8472,0,0,14.0,3.0,4.0,2.0,1.4,4.5,8.5,3,0,1,2,0,0,1,1,0,2,2,1,2,2,1,0,1
273,38,44,49,44,40,54,53,56,1729,1729,1,1228230,8668,10260,1,0,16.0,12.0,7.0,7.0,4.33,3.6,1.83,2,2,1,2,0,1,1,1,0,2,2,1,2,2,1,0,2
274,47,40,42,56,51,62,64,44,1729,1729,1,1228232,8456,8466,3,2,20.0,9.0,15.0,6.0,1.17,7.0,17.0,4,0,1,0,0,1,1,1,0,2,2,0,2,2,1,0,2
275,43,40,39,33,63,52,58,59,1729,1729,10,1229196,9879,8668,2,2,8.0,26.0,5.0,15.0,2.75,3.4,2.5,2,1,2,1,0,1,1,1,0,0,2,1,2,2,1,0,1
276,66,30,30,45,35,30,40,50,1729,1729,10,1229198,10260,9825,2,1,11.0,7.0,7.0,3.0,1.7,3.8,5.0,3,3,1,0,0,0,2,0,2,2,2,0,0,2,1,0,2
277,65,50,45,55,50,35,45,65,1729,1729,10,1229201,8472,10252,0,1,11.0,9.0,1.0,6.0,2.1,3.3,3.6,2,0,0,2,0,0,1,1,0,2,2,1,2,2,1,0,0
278,48,45,38,62,54,38,38,62,1729,1729,11,1229208,9825,9879,3,3,15.0,9.0,9.0,5.0,1.53,4.2,6.0,3,1,2,0,0,0,1,1,0,2,2,1,2,2,1,0,1
279,46,38,46,68,37,49,49,56,1729,1729,11,1229209,10252,10260,2,3,10.0,16.0,7.0,7.0,7.0,4.5,1.44,1,1,2,2,0,0,1,1,0,1,2,1,2,2,1,0,0
280,71,32,34,41,61,51,48,62,1729,1729,11,1229210,8455,8650,1,1,12.0,9.0,3.0,5.0,1.95,3.5,4.0,2,2,2,0,1,1,2,1,0,2,2,1,2,2,1,0,1
281,43,51,59,50,55,47,45,49,1729,1729,11,1229211,8668,8472,2,1,16.0,6.0,10.0,4.0,1.44,4.2,8.0,3,0,1,2,0,1,1,1,0,2,2,1,2,2,1,0,2
282,60,70,70,70,55,35,70,35,1729,1729,12,1229219,9879,8472,1,3,18.0,12.0,13.0,9.0,1.67,3.75,5.25,1,0,3,2,0,0,0,1,1,1,2,1,2,1,1,0,0
283,65,50,45,55,50,35,45,65,1729,1729,12,1229221,8456,10252,5,0,21.0,10.0,8.0,8.0,1.2,6.5,15.0,4,1,1,2,0,0,1,1,0,2,2,1,2,2,1,0,2
284,56,56,48,57,56,50,50,60,1729,1729,12,1229226,9798,8668,2,1,12.0,21.0,4.0,11.0,4.33,3.6,1.83,0,1,0,2,0,0,1,1,0,2,2,1,2,2,1,0,2
285,30,29,41,55,39,64,54,52,1729,1729,13,1229229,10252,9825,0,0,10.0,13.0,8.0,6.0,4.75,3.75,1.73,1,3,1,0,2,0,2,1,0,2,2,0,2,2,1,0,1
286,59,29,32,49,62,42,44,54,1729,1729,13,1229230,8455,8456,0,0,5.0,11.0,1.0,7.0,2.5,3.5,2.7,2,2,2,1,0,1,2,1,2,2,2,1,2,2,1,0,1
287,44,64,62,65,42,51,47,52,1729,1729,14,1229239,10252,9798,1,0,15.0,11.0,7.0,6.0,1.95,3.4,4.0,1,0,2,0,0,1,1,1,0,2,2,1,2,2,1,0,2
288,60,70,70,70,50,40,35,40,1729,1729,14,1229247,8455,9879,0,0,17.0,8.0,13.0,7.0,1.44,4.5,7.0,2,1,3,1,0,0,0,1,1,1,2,1,2,2,1,0,1
289,75,40,40,45,65,50,40,45,1729,1729,14,1229249,8668,9825,1,1,14.0,12.0,10.0,9.0,2.5,3.4,2.75,3,2,1,1,1,0,1,0,0,2,2,0,2,2,1,0,1
290,47,52,54,56,60,48,52,44,1729,1729,15,1229253,8650,8466,1,0,24.0,8.0,11.0,4.0,1.4,4.5,8.5,1,0,2,0,0,0,1,1,0,2,2,1,2,2,1,0,2
291,58,62,48,59,32,41,44,59,1729,1729,15,1229254,8456,8668,1,1,9.0,8.0,6.0,5.0,1.5,4.0,7.0,5,1,0,1,0,0,1,1,0,2,0,1,2,2,1,0,1
292,46,54,49,72,56,42,41,56,1729,1729,15,1229258,9798,10260,3,4,10.0,10.0,7.0,5.0,7.5,4.75,1.4,1,2,0,1,0,1,1,1,0,1,2,1,2,2,1,0,0
293,38,44,49,44,40,54,53,56,1729,1729,16,1229267,8456,10260,2,3,16.0,8.0,11.0,3.0,2.2,3.5,3.2,4,3,1,1,0,1,1,1,0,2,2,1,2,2,1,0,0
294,70,70,70,70,70,70,60,70,1729,1729,16,1229268,8466,9798,1,0,18.0,6.0,9.0,2.0,1.91,3.6,4.0,0,0,0,0,1,0,0,1,1,1,1,1,1,2,2,0,2
295,60,50,60,60,80,35,55,50,1729,1729,16,1229269,8472,8455,1,3,14.0,11.0,10.0,5.0,4.75,3.5,1.8,1,1,0,2,0,0,1,0,0,2,1,0,2,2,1,0,0
296,47,52,54,56,60,48,52,44,1729,1729,17,1229273,8455,8466,2,2,19.0,7.0,10.0,3.0,1.25,6.5,15.0,1,0,4,0,0,0,1,1,0,2,2,1,2,2,1,0,1
297,63,59,52,55,34,39,41,54,1729,1729,17,1229274,8650,10252,1,3,26.0,9.0,17.0,6.0,1.36,4.75,9.0,2,1,2,1,0,0,1,1,0,2,2,1,2,2,1,0,0
298,60,61,56,44,58,41,38,53,1729,1729,17,1229275,10260,8472,3,1,15.0,13.0,6.0,10.0,1.2,6.5,15.0,3,1,1,1,0,0,1,1,0,2,2,1,2,2,1,0,2
299,59,30,28,44,46,51,44,52,1729,1729,17,1229280,9798,9825,2,5,7.0,25.0,5.0,17.0,5.5,4.0,1.62,1,1,0,2,0,1,2,1,2,2,2,0,2,2,1,0,0
300,70,59,65,70,50,30,70,30,1729,1729,18,1229284,8455,10252,8,0,24.0,7.0,18.0,4.0,1.33,5.5,8.5,1,2,4,1,1,0,1,1,0,1,2,0,0,1,0,0,2
301,50,55,45,55,40,45,35,50,1729,1729,18,1229285,8650,9879,4,0,22.0,7.0,12.0,6.0,1.53,4.0,6.5,2,1,1,2,0,0,1,1,0,2,2,1,2,2,1,0,2
302,49,49,46,58,56,49,51,45,1729,1729,18,1229286,8456,9798,1,0,17.0,6.0,10.0,1.0,1.14,8.0,19.0,3,0,1,0,0,0,1,1,0,2,2,1,2,2,1,0,2
303,57,66,56,31,72,47,52,49,1729,1729,18,1229288,8466,8472,0,1,13.0,10.0,7.0,6.0,2.0,3.5,3.75,1,1,0,1,0,0,1,1,0,0,1,1,2,2,1,0,0
304,47,40,42,56,51,62,64,44,1729,1729,19,1229299,9879,8466,1,1,10.0,7.0,2.0,3.0,1.85,3.6,4.2,1,0,2,1,0,1,1,1,0,2,2,0,2,2,1,0,1
305,59,29,38,36,24,48,47,54,1729,1729,19,1229305,8472,8456,1,0,12.0,19.0,6.0,12.0,6.5,4.0,1.53,1,2,0,2,0,1,2,0,0,2,0,0,2,2,1,0,2
306,60,65,60,70,45,40,70,40,1729,1729,2,1228290,10252,8668,1,3,7.0,19.0,3.0,11.0,2.9,3.4,2.4,1,1,2,2,0,0,1,1,0,1,2,1,2,1,1,0,0
307,70,60,70,65,75,65,65,50,1729,1729,2,1228292,8650,8456,2,2,15.0,11.0,8.0,5.0,3.1,3.4,2.3,3,1,1,2,1,0,1,1,1,2,1,0,2,2,1,0,1
308,48,45,38,62,54,38,38,62,1729,1729,2,1228293,10260,9879,3,2,20.0,14.0,11.0,11.0,1.29,5.5,11.0,3,1,1,2,0,0,1,1,0,2,2,1,2,2,1,0,2
309,49,61,55,58,37,39,44,52,1729,1729,2,1228297,8472,9798,3,0,16.0,12.0,11.0,5.0,2.0,3.5,3.75,1,0,0,0,0,0,1,1,0,2,2,1,2,2,1,0,2
310,67,38,41,61,68,39,41,46,1729,1729,20,1229308,8668,8455,1,2,12.0,15.0,6.0,10.0,2.88,3.3,2.5,2,2,2,1,1,1,1,1,0,2,1,1,2,2,1,0,0
311,43,51,59,50,55,47,45,49,1729,1729,21,1229318,8650,8472,3,0,27.0,6.0,16.0,5.0,1.4,4.5,8.5,2,2,2,1,0,1,1,1,0,2,2,1,2,2,1,0,2
312,66,30,30,45,35,30,40,50,1729,1729,21,1229323,8466,9825,1,1,9.0,6.0,6.0,4.0,5.0,3.75,1.7,1,1,0,2,0,0,2,0,2,2,2,0,0,2,1,0,1
313,70,60,70,65,75,65,65,50,1729,1729,22,1229329,9825,8456,0,2,9.0,16.0,4.0,9.0,2.63,3.5,2.8,2,1,3,3,1,0,1,1,1,2,1,0,2,2,1,0,0
314,47,52,54,56,60,48,52,44,1729,1729,22,1229330,10252,8466,0,1,16.0,11.0,10.0,4.0,2.55,3.5,2.9,1,0,2,2,0,0,1,1,0,2,2,1,2,2,1,0,0
315,39,44,42,34,54,59,52,61,1729,1729,22,1229333,10260,8650,2,1,15.0,12.0,10.0,5.0,1.91,3.8,4.2,4,1,0,1,0,0,1,1,0,2,2,1,2,2,1,0,2
316,59,26,28,55,64,51,44,52,1729,1729,23,1229340,8455,9825,2,1,13.0,12.0,8.0,8.0,1.91,3.6,4.0,1,1,4,3,0,1,2,1,2,2,2,0,2,2,1,0,2
317,52,48,39,54,59,29,30,39,1729,1729,23,1229342,8456,9879,2,0,20.0,3.0,11.0,0.0,1.25,6.5,14.0,3,0,1,2,0,1,1,1,0,2,2,1,0,0,1,0,2
318,60,65,60,70,45,40,70,40,1729,1729,23,1229344,8466,8668,0,0,14.0,10.0,11.0,7.0,3.6,3.5,2.05,1,2,1,2,0,0,1,1,0,1,2,1,2,1,1,0,1
319,60,50,40,45,60,55,55,50,1729,1729,24,1229350,9825,8650,2,2,14.0,10.0,6.0,5.0,2.4,3.5,3.1,1,1,3,1,0,0,1,1,0,2,2,1,2,2,1,0,1
320,47,52,54,56,60,48,52,44,1729,1729,24,1229352,10260,8466,2,1,11.0,21.0,7.0,10.0,1.25,6.5,14.0,4,1,0,2,0,0,1,1,0,2,2,1,2,2,1,0,2
321,46,41,46,61,63,42,43,46,1729,1729,24,1229356,9798,8455,2,2,5.0,14.0,2.0,5.0,7.5,4.5,1.5,1,3,0,0,0,0,1,1,0,2,2,1,2,2,1,0,1
322,66,72,63,48,56,39,42,52,1729,1729,25,1229362,8668,10252,3,3,22.0,8.0,13.0,4.0,1.4,5.0,9.0,2,2,1,0,0,0,0,1,0,2,2,1,2,2,1,0,1
323,38,44,49,44,40,54,53,56,1729,1729,25,1229363,9879,10260,0,1,15.0,13.0,8.0,8.0,5.5,4.2,1.65,0,3,3,1,0,1,1,1,0,2,2,1,2,2,1,0,0
324,50,35,50,60,70,40,60,40,1729,1729,25,1229364,8456,8650,2,2,9.0,21.0,5.0,12.0,1.83,3.9,4.5,3,1,1,2,0,0,1,1,0,2,1,1,2,2,1,0,1
325,55,55,55,65,55,45,55,65,1729,1729,25,1229369,9798,8472,2,1,9.0,10.0,5.0,6.0,2.5,3.4,3.0,1,2,1,0,0,0,1,1,0,2,2,1,2,2,1,0,2
326,56,56,48,57,56,50,50,60,1729,1729,26,1229376,10260,8668,2,0,10.0,9.0,6.0,8.0,1.75,3.9,5.0,5,1,0,3,0,0,1,1,0,2,2,1,2,2,1,0,2
327,36,34,39,44,38,42,44,54,1729,1729,26,1229378,8466,8456,3,1,13.0,7.0,7.0,4.0,5.75,4.0,1.67,1,2,2,2,0,0,1,1,0,2,2,0,2,2,1,0,2
328,59,26,28,55,64,51,44,52,1729,1729,26,1229381,8472,9825,0,1,12.0,18.0,7.0,9.0,4.5,3.6,1.91,2,1,0,3,0,1,2,1,2,2,2,0,2,2,1,0,0
329,63,54,60,48,38,35,44,54,1729,1729,27,1229385,9825,10252,2,1,24.0,5.0,14.0,3.0,1.33,5.5,11.0,1,2,3,1,0,1,1,1,0,2,2,1,2,2,1,0,2
330,70,60,56,70,70,30,60,35,1729,1729,27,1229388,8456,8455,2,0,15.0,4.0,11.0,1.0,1.95,3.6,4.33,2,3,2,1,1,0,1,0,0,1,1,0,0,2,1,0,2
331,70,60,70,65,75,65,65,50,1729,1729,28,1229395,10252,8456,0,1,10.0,20.0,5.0,12.0,7.5,4.5,1.44,1,1,1,2,1,0,1,1,1,2,1,0,2,2,1,0,0
332,49,49,46,58,56,49,51,45,1729,1729,28,1229398,8668,9798,3,1,18.0,12.0,12.0,6.0,1.38,5.0,10.0,2,0,2,0,0,0,1,1,0,2,2,1,2,2,1,0,2
333,52,56,58,41,54,29,28,39,1729,1729,28,1229403,8472,9879,2,2,12.0,7.0,6.0,4.0,2.4,3.3,3.3,2,0,0,2,0,1,1,1,0,2,2,1,0,0,1,0,1
334,43,40,39,33,63,52,58,59,1729,1729,29,1229407,9825,8668,0,0,10.0,10.0,6.0,5.0,1.75,3.9,5.0,1,1,3,2,0,1,1,1,0,0,2,1,2,2,1,0,1
335,70,60,56,70,70,30,60,35,1729,1729,29,1229408,9879,8455,0,3,11.0,13.0,7.0,10.0,4.75,3.8,1.8,0,2,2,1,1,0,1,0,0,1,1,0,0,2,1,0,0
336,65,50,45,55,50,35,45,65,1729,1729,29,1229415,9798,10252,1,2,10.0,18.0,4.0,7.0,2.45,3.4,3.1,2,1,1,1,0,0,1,1,0,2,2,1,2,2,1,0,0
337,49,49,46,58,56,49,51,45,1729,1729,3,1228301,8455,9798,4,2,23.0,7.0,11.0,5.0,1.25,5.5,13.0,2,0,3,0,0,0,1,1,0,2,2,1,2,2,1,0,2
338,30,29,41,55,39,64,54,52,1729,1729,3,1228302,8650,9825,0,2,17.0,11.0,8.0,7.0,2.0,3.5,3.75,3,2,1,2,2,0,2,1,0,2,2,0,2,2,1,0,0
339,46,54,49,72,56,42,41,56,1729,1729,3,1228305,8466,10260,2,3,15.0,18.0,8.0,9.0,6.0,4.2,1.53,2,4,2,0,0,1,1,1,0,1,2,1,2,2,1,0,0
340,59,29,38,36,24,48,47,54,1729,1729,30,1229420,8668,8456,2,0,11.0,17.0,5.0,11.0,3.9,3.6,2.05,2,2,2,1,0,1,2,0,0,2,0,0,2,2,1,0,2
341,44,64,62,65,42,51,47,52,1729,1729,30,1229421,10260,9798,1,0,17.0,5.0,8.0,1.0,1.17,9.0,19.0,5,0,0,0,0,1,1,1,0,2,2,1,2,2,1,0,2
342,60,50,40,45,60,55,55,50,1729,1729,30,1229422,8466,8650,3,1,17.0,8.0,12.0,6.0,4.2,3.8,1.91,1,1,2,3,0,0,1,1,0,2,2,1,2,2,1,0,2
343,49,49,46,58,56,49,51,45,1729,1729,31,1229430,9825,9798,4,1,23.0,4.0,14.0,2.0,1.25,6.5,15.0,1,0,3,0,0,0,1,1,0,2,2,1,2,2,1,0,2
344,50,35,50,60,70,40,60,40,1729,1729,31,1229431,10252,8650,1,2,10.0,16.0,7.0,12.0,5.0,4.0,1.75,1,0,1,3,0,0,1,1,0,2,1,1,2,2,1,0,0
345,60,50,60,60,80,35,55,50,1729,1729,31,1229435,8466,8455,2,1,13.0,7.0,8.0,4.0,3.5,3.5,2.2,2,3,2,1,0,0,1,0,0,2,1,0,2,2,1,0,2
346,46,54,46,60,55,40,50,56,1729,1729,31,1229436,8472,10260,0,1,9.0,10.0,4.0,6.0,6.0,4.0,1.65,2,5,1,0,0,0,1,1,0,2,2,1,2,2,1,0,0
347,57,66,56,31,72,47,52,49,1729,1729,32,1229440,8455,8472,2,1,14.0,7.0,7.0,3.0,1.36,5.0,11.0,3,2,2,0,0,0,1,1,0,0,1,1,2,2,1,0,2
348,59,29,32,49,62,42,44,54,1729,1729,32,1229442,10260,8456,1,2,16.0,9.0,7.0,5.0,2.3,3.5,3.3,5,2,0,1,0,1,2,1,2,2,2,1,2,2,1,0,0
349,52,46,42,54,30,50,65,44,1729,1729,32,1229446,9798,8466,0,2,8.0,12.0,3.0,4.0,3.3,3.6,2.25,1,1,1,2,0,0,1,1,0,2,0,1,2,2,1,0,0
350,60,70,70,70,50,40,35,40,1729,1729,33,1229452,10252,9879,1,1,15.0,8.0,7.0,3.0,2.3,3.3,3.5,1,0,0,2,0,0,0,1,1,1,2,1,2,2,1,0,1
351,60,50,40,45,60,55,55,50,1729,1729,33,1229457,9798,8650,0,0,7.0,26.0,5.0,15.0,8.0,4.75,1.45,1,1,1,2,0,0,1,1,0,2,2,1,2,2,1,0,1
352,25,32,41,34,30,57,57,52,1729,1729,34,1229461,9879,9825,0,1,7.0,10.0,5.0,7.0,5.0,4.0,1.75,0,3,2,1,2,0,2,1,0,2,0,0,2,2,1,0,0
353,46,41,46,61,63,42,43,46,1729,1729,34,1229462,8650,8455,2,2,23.0,9.0,12.0,6.0,2.15,3.6,3.6,2,2,1,1,0,0,1,1,0,2,2,1,2,2,1,0,1
354,66,72,63,48,56,39,42,52,1729,1729,34,1229463,10260,10252,3,0,10.0,8.0,5.0,5.0,1.25,6.75,13.0,4,2,0,1,0,0,0,1,0,2,2,1,2,2,1,0,2
355,43,40,39,33,63,52,58,59,1729,1729,34,1229466,8472,8668,1,0,8.0,8.0,4.0,5.0,3.4,3.4,2.3,2,1,1,3,0,1,1,1,0,0,2,1,2,2,1,0,2
356,46,38,46,68,37,49,49,56,1729,1729,35,1229471,9825,10260,1,1,19.0,10.0,13.0,5.0,2.25,3.6,3.3,2,5,2,0,0,0,1,1,0,1,2,1,2,2,1,0,1
357,43,51,59,50,55,47,45,49,1729,1729,35,1229472,10252,8472,6,1,18.0,7.0,15.0,4.0,2.3,3.4,3.4,0,1,1,0,0,1,1,1,0,2,2,1,2,2,1,0,2
358,60,70,70,70,50,40,35,40,1729,1729,35,1229475,8668,9879,1,0,17.0,6.0,10.0,2.0,1.5,4.5,7.5,2,0,2,2,0,0,0,1,1,1,2,1,2,2,1,0,2
359,49,36,57,73,55,49,31,67,1729,1729,36,1229482,9879,9798,2,4,18.0,20.0,13.0,13.0,1.73,3.9,5.25,0,0,1,0,0,0,1,1,0,1,2,1,2,0,2,0,0
360,56,56,48,57,56,50,50,60,1729,1729,36,1229483,8650,8668,0,0,16.0,11.0,8.0,4.0,1.95,3.6,4.2,2,1,2,2,0,0,1,1,0,2,2,1,2,2,1,0,1
361,46,41,46,61,63,42,43,46,1729,1729,36,1229484,10260,8455,0,1,10.0,15.0,4.0,6.0,2.2,3.5,3.5,4,1,0,2,0,0,1,1,0,2,2,1,2,2,1,0,0
362,67,38,41,61,68,39,41,46,1729,1729,37,1229494,10252,8455,1,2,12.0,11.0,7.0,8.0,4.5,3.8,1.85,1,2,1,1,1,1,1,1,0,2,1,1,2,2,1,0,0
363,66,45,34,34,46,51,52,61,1729,1729,37,1229496,9879,8650,1,3,10.0,20.0,8.0,14.0,3.9,3.6,2.05,0,1,1,3,0,1,1,1,0,2,2,1,2,2,1,0,0
364,45,55,40,38,48,50,60,54,1729,1729,37,1229500,9798,8456,0,2,11.0,27.0,7.0,20.0,6.0,4.33,1.6,1,3,2,0,0,0,1,1,0,2,2,0,2,2,1,0,0
365,47,40,42,56,51,62,64,44,1729,1729,37,1229502,8472,8466,1,1,5.0,15.0,5.0,10.0,2.8,3.2,2.8,2,2,1,2,0,1,1,1,0,2,2,0,2,2,1,0,1
366,43,40,39,33,63,52,58,59,1729,1729,38,1228307,8455,8668,2,1,20.0,16.0,10.0,9.0,1.7,4.0,5.5,4,0,1,3,0,1,1,1,0,0,2,1,2,2,1,0,2
367,47,52,54,56,60,48,52,44,1729,1729,4,1228325,9825,8466,6,1,20.0,9.0,12.0,4.0,1.36,5.0,8.5,2,2,3,2,0,0,1,1,0,2,2,1,2,2,1,0,2
368,39,44,42,34,54,59,52,61,1729,1729,4,1228357,8472,8650,1,1,6.0,20.0,4.0,9.0,3.4,3.3,2.2,1,2,2,2,0,0,1,1,0,2,2,1,2,2,1,0,1
369,46,54,49,72,56,42,41,56,1729,1729,5,1228368,8650,10260,1,2,13.0,8.0,8.0,4.0,2.7,3.3,2.63,1,4,3,1,0,1,1,1,0,1,2,1,2,2,1,0,0
370,59,30,28,44,46,51,44,52,1729,1729,5,1228369,8456,9825,1,1,14.0,10.0,10.0,4.0,1.75,3.6,4.75,3,3,1,1,0,1,2,1,2,2,2,0,2,2,1,0,1
371,70,59,65,70,50,30,70,30,1729,1729,5,1228377,8466,10252,4,1,12.0,8.0,4.0,2.0,2.4,3.3,3.0,3,1,1,1,1,0,1,1,0,1,2,0,0,1,0,0,2
372,60,50,60,60,80,35,55,50,1729,1729,6,1228402,9825,8455,1,2,14.0,10.0,5.0,5.0,2.1,3.4,3.5,3,3,2,1,0,0,1,0,0,2,1,0,2,2,1,0,0
373,47,52,54,56,60,48,52,44,1729,1729,6,1228407,8668,8466,3,1,17.0,8.0,9.0,2.0,1.4,4.75,8.0,3,2,1,1,0,0,1,1,0,2,2,1,2,2,1,0,2
374,36,34,39,44,38,42,44,54,1729,1729,6,1228415,9879,8456,1,2,7.0,21.0,3.0,12.0,4.33,3.6,1.83,0,3,0,0,0,0,1,1,0,2,2,0,2,2,1,0,0
375,60,61,56,44,58,41,38,53,1729,1729,7,1229164,8456,8472,3,0,26.0,8.0,16.0,6.0,1.29,5.5,11.0,3,1,2,0,0,0,1,1,0,2,2,1,2,2,1,0,2
376,52,48,39,54,59,29,30,39,1729,1729,7,1229167,8466,9879,2,2,13.0,14.0,6.0,5.0,2.75,3.3,2.6,4,0,0,2,0,1,1,1,0,2,2,1,0,0,1,0,1
377,70,59,65,70,50,30,70,30,1729,1729,8,1229174,9879,10252,1,0,17.0,9.0,8.0,4.0,1.8,3.6,4.5,0,1,0,1,1,0,1,1,0,1,2,0,0,1,0,0,2
378,49,36,57,73,55,49,31,67,1729,1729,8,1229175,8650,9798,1,0,23.0,8.0,13.0,5.0,1.33,5.0,10.0,1,1,2,0,0,0,1,1,0,1,2,1,2,0,2,0,2
379,46,54,46,60,55,40,50,56,1729,1729,9,1229187,8455,10260,2,3,14.0,15.0,11.0,7.0,2.4,3.4,2.9,5,4,0,1,0,0,1,1,0,2,2,1,2,2,1,0,0
380,39,44,42,34,54,59,52,61,1729,1729,9,1229189,8668,8650,2,2,17.0,12.0,8.0,5.0,2.6,3.3,2.75,4,2,1,2,0,0,1,1,0,2,2,1,2,2,1,0,1
381,52,56,58,41,54,29,28,39,1729,1729,9,1229192,9798,9879,3,3,15.0,16.0,9.0,8.0,2.75,3.4,2.5,1,0,1,3,0,1,1,1,0,2,2,1,0,0,1,0,1
382,63,54,60,48,38,35,44,54,1729,1729,1,1474058,9825,10252,1,3,16.0,9.0,4.0,4.0,1.44,4.75,8.0,2,1,2,0,0,1,1,1,0,2,2,1,2,2,1,0,0
383,60,70,70,70,50,40,35,40,1729,1729,1,1474077,8472,9879,0,1,20.0,5.0,3.0,1.0,2.3,3.4,3.4,1,0,3,4,0,0,0,1,1,1,2,1,2,2,1,0,0
384,60,50,40,45,60,55,55,50,1729,1729,10,1474327,9825,8650,2,0,12.0,12.0,7.0,4.0,2.3,3.5,3.3,2,2,1,3,0,0,1,1,0,2,2,1,2,2,1,0,2
385,46,54,46,60,55,40,50,56,1729,1729,10,1474332,9879,10260,1,3,15.0,10.0,6.0,4.0,6.5,4.2,1.57,1,4,0,1,0,0,1,1,0,2,2,1,2,2,1,0,0
386,58,62,48,59,32,41,44,59,1729,1729,11,1474364,9826,8668,0,0,9.0,15.0,2.0,2.0,6.5,4.0,1.62,0,0,0,2,0,0,1,1,0,2,0,1,2,2,1,0,1
387,52,56,58,41,54,29,28,39,1729,1729,11,1474366,8650,9879,4,0,32.0,4.0,10.0,1.0,1.25,6.5,15.0,1,1,2,3,0,1,1,1,0,2,2,1,0,0,1,0,2
388,59,30,28,44,46,51,44,52,1729,1729,11,1474368,10260,9825,1,0,5.0,10.0,2.0,2.0,2.35,3.5,3.2,3,3,0,1,0,1,2,1,2,2,2,0,2,2,1,0,2
389,70,60,55,70,70,45,55,45,1729,1729,11,1474373,8472,8456,1,0,5.0,24.0,2.0,4.0,9.0,5.0,1.4,1,4,2,0,1,0,1,1,0,1,1,1,2,2,1,0,2
390,52,37,48,49,47,43,43,48,1729,1729,12,1474384,9825,8466,2,0,9.0,10.0,4.0,4.0,1.62,4.2,6.0,2,1,1,1,0,0,1,1,0,2,2,1,2,2,1,0,2
391,60,60,48,73,53,50,48,62,1729,1729,12,1474391,8668,8650,3,3,18.0,11.0,12.0,5.0,3.0,3.4,2.5,4,1,1,3,0,0,1,1,0,1,2,1,2,2,1,0,1
392,57,66,56,31,72,47,52,49,1729,1729,13,1474413,10252,8472,0,0,13.0,7.0,4.0,1.0,2.0,3.4,4.33,1,0,1,0,0,0,1,1,0,0,1,1,2,2,1,0,1
393,47,40,42,56,51,62,64,44,1729,1729,13,1474418,8455,8466,3,1,16.0,9.0,7.0,1.0,1.57,4.2,6.5,4,1,0,1,0,1,1,1,0,2,2,0,2,2,1,0,2
394,60,65,60,70,45,40,70,40,1729,1729,14,1474459,10260,8668,0,1,18.0,15.0,6.0,4.0,1.73,3.75,5.5,3,0,0,3,0,0,1,1,0,1,2,1,2,1,1,0,0
395,65,50,45,55,50,35,45,65,1729,1729,14,1474464,8466,10252,2,3,21.0,6.0,9.0,3.0,1.7,3.8,5.75,3,2,1,0,0,0,1,1,0,2,2,1,2,2,1,0,0
396,60,45,55,45,45,60,62,46,1729,1729,14,1474470,8472,8455,3,4,12.0,19.0,3.0,5.0,6.5,4.33,1.55,2,3,2,1,0,0,1,1,0,2,2,1,2,2,1,0,0
397,58,62,48,59,32,41,44,59,1729,1729,15,1474503,9825,8668,1,1,11.0,12.0,5.0,4.0,1.7,3.8,5.75,3,1,0,2,0,0,1,1,0,2,0,1,2,2,1,0,1
398,66,72,63,48,56,39,42,52,1729,1729,15,1474509,9879,10252,2,0,22.0,10.0,10.0,2.0,2.75,3.3,2.8,1,2,0,0,0,0,0,1,0,2,2,1,2,2,1,0,2
399,59,29,38,36,24,48,47,54,1729,1729,15,1474520,8466,8456,1,1,15.0,13.0,4.0,3.0,5.25,3.8,1.75,3,3,1,0,0,1,2,0,0,2,0,0,2,2,1,0,1
400,46,38,46,68,37,49,49,56,1729,1729,16,1474533,10252,10260,0,3,17.0,14.0,6.0,5.0,5.25,3.8,1.75,1,4,2,1,0,0,1,1,0,1,2,1,2,2,1,0,0
401,61,68,67,62,52,36,34,48,1729,1729,16,1474537,8455,9826,2,1,16.0,10.0,7.0,5.0,1.18,8.0,19.0,4,0,0,0,0,1,0,1,1,2,2,1,2,2,1,0,2
402,52,48,39,54,59,29,30,39,1729,1729,16,1474550,8668,9879,4,1,22.0,16.0,7.0,3.0,1.36,5.0,10.5,3,1,2,2,0,1,1,1,0,2,2,1,0,0,1,0,2
403,75,40,40,45,65,50,40,45,1729,1729,16,1474553,8456,9825,6,3,22.0,12.0,7.0,6.0,1.83,3.75,4.75,3,3,2,1,1,0,1,0,0,2,2,0,2,2,1,0,2
404,70,60,56,70,70,30,60,35,1729,1729,17,1474570,9825,8455,0,0,7.0,13.0,2.0,4.0,2.38,3.4,3.25,2,4,1,1,1,0,1,0,0,1,1,0,0,2,1,0,1
405,70,60,70,65,75,65,65,50,1729,1729,17,1474573,9879,8456,2,4,12.0,17.0,5.0,10.0,9.5,5.25,1.36,2,3,0,1,1,0,1,1,1,2,1,0,2,2,1,0,0
406,43,46,69,66,47,44,27,53,1729,1729,18,1474597,10252,9826,0,1,10.0,12.0,4.0,7.0,1.91,3.5,4.5,1,0,2,0,0,0,1,1,1,2,2,1,2,0,1,0,0
407,57,66,56,31,72,47,52,49,1729,1729,18,1474607,8668,8472,0,1,26.0,13.0,9.0,6.0,1.36,5.25,9.5,3,0,2,1,0,0,1,1,0,0,1,1,2,2,1,0,0
408,71,32,34,41,61,51,48,62,1729,1729,18,1474613,8456,8650,2,1,20.0,12.0,6.0,5.0,1.75,4.2,4.6,3,1,2,3,1,1,2,1,0,2,2,1,2,2,1,0,2
409,66,45,34,34,46,51,52,61,1729,1729,19,1474644,8455,8650,2,1,11.0,8.0,5.0,4.0,2.2,3.5,3.5,4,0,0,3,0,1,1,1,0,2,2,1,2,2,1,0,2
410,52,37,48,49,47,43,43,48,1729,1729,19,1474648,8668,8466,2,1,9.0,12.0,4.0,2.0,1.83,3.7,4.75,2,0,2,1,0,0,1,1,0,2,2,1,2,2,1,0,2
411,43,46,69,66,47,44,27,53,1729,1729,19,1474654,8456,9826,1,0,23.0,9.0,4.0,4.0,1.13,9.5,29.0,4,1,1,0,0,0,1,1,1,2,2,1,2,0,1,0,2
412,39,44,42,34,54,59,52,61,1729,1729,2,1474125,10252,8650,0,1,17.0,5.0,3.0,1.0,4.0,3.75,1.95,1,0,1,2,0,0,1,1,0,2,2,1,2,2,1,0,0
413,59,26,28,55,64,51,44,52,1729,1729,2,1474128,9879,9825,1,3,16.0,18.0,7.0,7.0,3.8,3.5,2.1,2,2,0,1,0,1,2,1,2,2,2,0,2,2,1,0,0
414,67,36,41,34,44,39,41,46,1729,1729,2,1474133,10260,8455,0,0,13.0,8.0,3.0,4.0,2.45,3.4,3.1,2,4,0,1,1,1,1,1,0,2,2,1,2,2,1,0,1
415,55,55,55,65,55,45,55,65,1729,1729,2,1474138,8466,8472,1,1,17.0,8.0,6.0,3.0,1.73,3.8,5.5,2,1,2,1,0,0,1,1,0,2,2,1,2,2,1,0,1
416,60,45,55,45,45,60,62,46,1729,1729,20,1474701,8466,8455,0,3,12.0,11.0,2.0,5.0,4.0,3.5,2.05,1,3,3,2,0,0,1,1,0,2,2,1,2,2,1,0,0
417,63,54,60,48,38,35,44,54,1729,1729,20,1474709,8472,10252,0,1,17.0,13.0,1.0,5.0,2.15,3.4,3.75,1,2,2,0,0,1,1,1,0,2,2,1,2,2,1,0,0
418,66,30,30,45,35,30,40,50,1729,1729,21,1474906,10252,9825,1,2,11.0,8.0,5.0,4.0,6.0,4.2,1.62,0,2,1,1,0,0,2,0,2,2,2,0,0,2,1,0,0
419,60,70,70,70,55,35,70,35,1729,1729,21,1474909,9879,8472,1,4,17.0,10.0,5.0,6.0,2.2,3.3,3.75,2,1,0,2,0,0,0,1,1,1,2,1,2,1,1,0,0
420,50,55,45,55,40,45,35,50,1729,1729,22,1474922,9825,9879,2,0,22.0,8.0,8.0,2.0,1.22,7.0,15.0,2,1,2,2,0,0,1,1,0,2,2,1,2,2,1,0,2
421,46,54,46,60,55,40,50,56,1729,1729,22,1474923,8455,10260,3,1,13.0,10.0,6.0,4.0,1.73,3.8,5.5,4,4,0,1,0,0,1,1,0,2,2,1,2,2,1,0,2
422,63,59,52,55,34,39,41,54,1729,1729,22,1474925,8650,10252,2,2,14.0,12.0,6.0,3.0,1.22,7.0,15.0,2,3,2,0,0,0,1,1,0,2,2,1,2,2,1,0,1
423,47,40,42,56,51,62,64,44,1729,1729,22,1474930,8472,8466,2,2,10.0,17.0,5.0,8.0,3.2,3.3,2.45,1,0,1,0,0,1,1,1,0,2,2,0,2,2,1,0,1
424,43,40,39,33,63,52,58,59,1729,1729,23,1474936,8650,8668,4,0,20.0,18.0,9.0,4.0,1.83,3.9,4.5,2,1,2,3,0,1,1,1,0,0,2,1,2,2,1,0,2
425,59,30,28,44,46,51,44,52,1729,1729,23,1474940,8466,9825,2,2,13.0,7.0,5.0,4.0,4.33,3.5,1.95,0,2,3,1,0,1,2,1,2,2,2,0,2,2,1,0,1
426,70,70,70,70,65,65,60,60,1729,1729,24,1474946,9825,9826,2,0,11.0,10.0,6.0,2.0,1.22,7.0,16.0,3,1,2,0,1,0,0,1,1,1,2,1,2,2,1,0,2
427,65,50,45,55,50,35,45,65,1729,1729,24,1474948,8668,10252,2,1,13.0,4.0,6.0,1.0,1.53,4.33,7.0,2,3,2,1,0,0,1,1,0,2,2,1,2,2,1,0,2
428,47,52,54,56,60,48,52,44,1729,1729,24,1474949,9879,8466,0,3,8.0,17.0,4.0,5.0,3.6,3.4,2.2,1,0,0,1,0,0,1,1,0,2,2,1,2,2,1,0,0
429,46,41,46,61,63,42,43,46,1729,1729,24,1474952,8456,8455,0,1,25.0,18.0,3.0,6.0,1.85,3.8,4.5,4,3,1,2,0,0,1,1,0,2,2,1,2,2,1,0,0
430,59,26,28,55,64,51,44,52,1729,1729,25,1474961,8650,9825,5,1,22.0,11.0,12.0,6.0,2.2,3.6,3.4,3,2,1,1,0,1,2,1,2,2,2,0,2,2,1,0,2
431,52,48,39,54,59,29,30,39,1729,1729,25,1474962,10260,9879,2,2,31.0,6.0,9.0,3.0,1.2,7.0,19.0,2,1,1,1,0,1,1,1,0,2,2,1,0,0,1,0,1
432,70,45,45,70,65,40,50,40,1729,1729,26,1474968,9825,10260,0,0,17.0,6.0,5.0,2.0,2.15,3.5,3.6,3,4,2,0,1,0,1,1,0,1,2,0,2,2,1,0,1
433,53,54,69,48,52,48,43,33,1729,1729,26,1474975,8668,9826,2,3,17.0,7.0,5.0,4.0,1.4,4.75,10.0,3,1,1,0,0,0,1,1,1,2,2,1,2,2,0,0,0
434,60,60,48,73,53,50,48,62,1729,1729,26,1474976,9879,8650,2,3,10.0,21.0,3.0,7.0,8.0,5.25,1.4,1,1,0,1,0,0,1,1,0,1,2,1,2,2,1,0,0
435,57,66,56,31,72,47,52,49,1729,1729,26,1474977,8456,8472,2,2,16.0,11.0,4.0,3.0,1.17,9.0,17.0,4,2,0,2,0,0,1,1,0,0,1,1,2,2,1,0,1
436,60,61,56,44,58,41,38,53,1729,1729,27,1474979,9825,8472,4,1,12.0,7.0,9.0,3.0,1.33,5.5,11.0,2,2,3,3,0,0,1,1,0,2,2,1,2,2,1,0,2
437,43,40,39,33,63,52,58,59,1729,1729,27,1474982,8455,8668,1,0,25.0,8.0,8.0,2.0,1.57,4.0,7.0,4,1,0,2,0,1,1,1,0,0,2,1,2,2,1,0,2
438,70,45,45,70,65,40,50,40,1729,1729,27,1474984,9826,10260,0,2,15.0,14.0,6.0,5.0,6.5,4.0,1.6,0,3,1,1,1,0,1,1,0,1,2,0,2,2,1,0,0
439,60,50,60,60,80,35,55,50,1729,1729,28,1474995,9879,8455,1,3,7.0,17.0,3.0,8.0,8.0,4.75,1.45,0,3,0,2,0,0,1,0,0,2,1,0,2,2,1,0,0
440,45,55,40,38,48,50,60,54,1729,1729,28,1474997,10260,8456,0,3,10.0,13.0,4.0,4.0,3.5,3.6,2.15,1,3,2,1,0,0,1,1,0,2,2,0,2,2,1,0,0
441,39,44,42,34,54,59,52,61,1729,1729,28,1474998,8466,8650,0,3,13.0,12.0,2.0,5.0,3.75,3.75,2.05,0,2,3,1,0,0,1,1,0,2,2,1,2,2,1,0,0
442,47,40,42,56,51,62,64,44,1729,1729,29,1475008,9826,8466,0,1,6.0,11.0,1.0,3.0,3.9,3.3,2.15,0,1,1,1,0,1,1,1,0,2,2,0,2,2,1,0,0
443,43,51,59,50,55,47,45,49,1729,1729,29,1475009,8650,8472,2,1,21.0,12.0,7.0,4.0,1.17,9.0,19.0,4,2,1,2,0,1,1,1,0,2,2,1,2,2,1,0,2
444,63,54,60,48,38,35,44,54,1729,1729,29,1475010,8456,10252,4,0,18.0,5.0,9.0,0.0,1.14,9.5,21.0,3,2,1,1,0,1,1,1,0,2,2,1,2,2,1,0,2
445,70,59,65,70,50,30,70,30,1729,1729,3,1474157,8455,10252,2,1,15.0,7.0,3.0,3.0,1.29,5.5,10.0,5,1,0,1,1,0,1,1,0,1,2,0,0,1,0,0,2
446,55,55,55,65,55,45,55,65,1729,1729,3,1474159,9826,8472,3,1,17.0,10.0,6.0,2.0,2.6,3.3,3.0,0,1,1,2,0,0,1,1,0,2,2,1,2,2,1,0,2
447,46,54,46,60,55,40,50,56,1729,1729,3,1474162,8650,10260,1,0,10.0,10.0,5.0,4.0,2.63,3.4,2.88,4,3,1,1,0,0,1,1,0,2,2,1,2,2,1,0,2
448,46,41,46,61,63,42,43,46,1729,1729,30,1475015,10252,8455,1,0,13.0,15.0,4.0,2.0,7.0,4.33,1.53,0,3,1,2,0,0,1,1,0,2,2,1,2,2,1,0,2
449,71,32,34,41,61,51,48,62,1729,1729,30,1475020,10260,8650,0,3,13.0,17.0,1.0,7.0,2.5,3.6,2.9,1,3,2,0,1,1,2,1,0,2,2,1,2,2,1,0,0
450,61,67,67,69,50,36,34,41,1729,1729,30,1475025,8472,9826,0,0,19.0,12.0,2.0,5.0,2.15,3.3,3.9,1,2,1,0,0,1,0,1,1,1,2,1,2,2,1,0,1
451,66,30,30,45,35,30,40,50,1729,1729,31,1475029,8455,9825,6,0,21.0,12.0,11.0,5.0,1.85,3.6,4.75,5,2,0,1,0,0,2,0,2,2,2,0,0,2,1,0,2
452,50,55,45,55,40,45,35,50,1729,1729,31,1475032,8456,9879,5,0,22.0,6.0,12.0,0.0,1.17,9.0,17.0,3,1,1,1,0,0,1,1,0,2,2,1,2,2,1,0,2
453,45,55,40,38,48,50,60,54,1729,1729,32,1475039,9825,8456,1,1,10.0,15.0,3.0,4.0,3.6,3.5,2.15,3,3,2,1,0,0,1,1,0,2,2,0,2,2,1,0,1
454,46,41,46,61,63,42,43,46,1729,1729,32,1475040,9826,8455,1,0,14.0,21.0,4.0,2.0,10.0,4.75,1.4,1,3,1,1,0,0,1,1,0,2,2,1,2,2,1,0,2
455,61,42,39,59,48,52,58,60,1729,1729,32,1475041,9879,8668,1,3,23.0,14.0,8.0,7.0,5.0,3.75,1.8,0,1,0,2,0,1,1,1,0,2,2,1,2,2,1,0,0
456,63,54,60,48,38,35,44,54,1729,1729,32,1475043,10260,10252,4,1,9.0,10.0,6.0,1.0,1.45,4.75,8.0,0,1,2,1,0,1,1,1,0,2,2,1,2,2,1,0,2
457,60,70,70,70,50,40,35,40,1729,1729,33,1475051,10252,9879,1,2,12.0,16.0,6.0,8.0,2.05,3.5,4.0,1,0,0,1,0,0,0,1,1,1,2,1,2,2,1,0,0
458,75,40,40,45,65,50,40,45,1729,1729,33,1475055,8668,9825,3,0,14.0,15.0,8.0,5.0,2.5,3.4,3.0,3,2,0,1,1,0,1,0,0,2,2,0,2,2,1,0,2
459,47,52,54,56,60,48,52,44,1729,1729,33,1475057,8456,8466,4,1,15.0,5.0,8.0,1.0,1.33,5.75,10.0,3,2,1,1,0,0,1,1,0,2,2,1,2,2,1,0,2
460,63,59,52,55,34,39,41,54,1729,1729,34,1475064,9826,10252,1,0,14.0,7.0,4.0,4.0,2.15,3.3,3.9,2,0,1,1,0,0,1,1,0,2,2,1,2,2,1,0,2
461,59,29,32,49,62,42,44,54,1729,1729,34,1475066,8650,8456,3,2,10.0,13.0,4.0,5.0,2.45,3.7,2.9,4,2,1,2,0,1,2,1,2,2,2,1,2,2,1,0,2
462,43,40,39,33,63,52,58,59,1729,1729,34,1475072,8472,8668,0,1,24.0,20.0,6.0,3.0,4.75,3.7,1.83,1,2,2,1,0,1,1,1,0,0,2,1,2,2,1,0,0
463,70,55,70,70,65,70,70,70,1729,1729,35,1475075,10252,8466,0,0,6.0,3.0,1.0,2.0,3.4,3.4,2.1,1,2,0,1,1,0,1,1,1,1,2,1,1,1,2,0,1
464,55,55,55,65,55,45,55,65,1729,1729,35,1475077,8455,8472,1,2,31.0,7.0,15.0,3.0,1.18,7.0,13.0,5,1,0,1,0,0,1,1,0,2,2,1,2,2,1,0,0
465,46,54,46,60,55,40,50,56,1729,1729,35,1475078,8668,10260,2,0,17.0,9.0,5.0,2.0,2.4,3.4,2.8,3,2,0,1,0,0,1,1,0,2,2,1,2,2,1,0,2
466,36,34,39,44,38,42,44,54,1729,1729,36,1475088,9826,8456,0,2,3.0,16.0,2.0,6.0,7.5,5.0,1.44,3,2,0,2,0,0,1,1,0,2,2,0,2,2,1,0,0
467,67,38,41,61,68,39,41,46,1729,1729,36,1475090,8650,8455,0,2,26.0,11.0,8.0,4.0,1.67,4.2,5.25,5,3,0,0,1,1,1,1,0,2,1,1,2,2,1,0,0
468,43,40,39,33,63,52,58,59,1729,1729,36,1475092,8466,8668,2,0,14.0,9.0,4.0,2.0,2.8,3.5,2.6,0,2,3,1,0,1,1,1,0,0,2,1,2,2,1,0,2
469,50,35,50,60,70,40,60,40,1729,1729,37,1475101,9826,8650,3,3,10.0,26.0,6.0,9.0,9.0,5.0,1.4,3,4,0,0,0,0,1,1,0,2,1,1,2,2,1,0,1
470,70,60,70,65,75,65,65,50,1729,1729,37,1475102,8668,8456,2,3,9.0,18.0,4.0,6.0,5.0,4.0,1.75,4,3,0,1,1,0,1,1,1,2,1,0,2,2,1,0,0
471,67,62,44,72,59,47,53,60,1729,1729,37,1475103,10260,8472,0,1,17.0,8.0,2.0,1.0,1.36,5.75,8.5,1,1,2,1,1,0,1,1,0,1,2,1,2,2,1,0,0
472,52,47,69,66,47,36,33,53,1729,1729,38,1475111,9879,9826,2,2,15.0,15.0,5.0,6.0,2.63,3.5,2.8,0,2,0,1,0,0,1,1,1,2,2,1,2,0,1,0,1
473,46,54,49,72,56,42,41,56,1729,1729,38,1475116,8466,10260,1,1,15.0,8.0,6.0,2.0,2.63,3.5,2.8,1,1,2,1,0,1,1,1,0,1,2,1,2,2,1,0,1
474,67,36,41,34,44,39,41,46,1729,1729,4,1474175,8668,8455,1,0,11.0,22.0,5.0,5.0,3.4,3.3,2.35,3,3,0,0,1,1,1,1,0,2,2,1,2,2,1,0,2
475,70,70,70,70,65,65,60,60,1729,1729,4,1474178,10260,9826,2,0,19.0,4.0,7.0,0.0,1.22,7.0,16.0,1,1,1,2,1,0,0,1,1,1,2,1,2,2,1,0,2
476,75,40,40,45,65,50,40,45,1729,1729,4,1474183,8472,9825,1,3,17.0,14.0,2.0,6.0,6.0,3.9,1.67,0,1,2,1,1,0,1,0,0,2,2,0,2,2,1,0,0
477,52,48,39,54,59,29,30,39,1729,1729,5,1474193,8455,9879,2,0,26.0,4.0,10.0,1.0,1.3,5.75,12.0,4,1,0,1,0,1,1,1,0,2,2,1,0,0,1,0,2
478,70,55,70,70,65,70,70,70,1729,1729,5,1474197,8650,8466,0,1,10.0,12.0,5.0,7.0,1.6,4.0,6.5,4,2,0,2,1,0,1,1,1,1,2,1,1,1,2,0,0
479,65,40,65,65,70,45,45,65,1729,1729,5,1474200,8456,10260,4,1,18.0,14.0,5.0,3.0,2.2,3.4,3.6,3,1,1,2,0,0,1,1,0,2,1,0,2,2,1,0,2
480,45,55,40,38,48,50,60,54,1729,1729,6,1474209,10252,8456,3,2,8.0,20.0,4.0,7.0,6.5,4.2,1.57,1,3,1,1,0,0,1,1,0,2,2,0,2,2,1,0,2
481,52,47,69,66,47,36,33,53,1729,1729,6,1474214,8466,9826,2,0,12.0,8.0,3.0,0.0,1.45,4.5,8.5,1,1,2,2,0,0,1,1,1,2,2,1,2,0,1,0,2
482,71,32,34,41,61,51,48,62,1729,1729,6,1474219,8472,8650,1,3,23.0,15.0,5.0,6.0,5.5,3.9,1.7,0,4,2,1,1,1,2,1,0,2,2,1,2,2,1,0,0
483,61,67,67,69,50,36,34,41,1729,1729,7,1474233,8650,9826,3,1,13.0,11.0,7.0,2.0,1.2,7.5,17.0,3,1,0,2,0,1,0,1,1,1,2,1,2,2,1,0,2
484,60,65,60,70,45,40,70,40,1729,1729,7,1474234,8456,8668,3,1,12.0,6.0,6.0,4.0,1.67,4.2,5.5,4,2,1,0,0,0,1,1,0,1,2,1,2,1,1,0,2
485,65,40,65,65,70,45,45,65,1729,1729,7,1474241,8472,10260,1,2,6.0,13.0,2.0,6.0,6.0,4.0,1.65,0,1,2,1,0,0,1,1,0,2,1,0,2,2,1,0,0
486,48,45,38,62,54,38,38,62,1729,1729,8,1474256,9826,9879,1,4,14.0,9.0,4.0,6.0,2.75,3.3,2.8,3,1,1,1,0,0,1,1,0,2,2,1,2,2,1,0,0
487,47,38,52,56,58,57,63,44,1729,1729,8,1474262,10260,8466,1,1,12.0,18.0,5.0,7.0,1.57,4.33,6.5,2,3,0,1,0,0,1,1,0,2,2,0,2,2,1,0,1
488,61,42,39,59,48,52,58,60,1729,1729,9,1474288,10252,8668,0,2,14.0,15.0,3.0,4.0,3.4,3.4,2.3,2,2,1,0,0,1,1,1,0,2,2,1,2,2,1,0,0
489,59,29,38,36,24,48,47,54,1729,1729,9,1474291,8455,8456,2,1,12.0,15.0,4.0,6.0,2.38,3.4,3.2,4,2,0,1,0,1,2,0,0,2,0,0,2,2,1,0,2
490,66,30,30,45,35,30,40,50,1729,1729,9,1474294,9826,9825,0,2,13.0,10.0,4.0,4.0,11.0,5.0,1.36,2,1,1,1,0,0,2,0,2,2,2,0,0,2,1,0,0
491,50,55,45,55,40,45,35,50,1729,1729,9,1474307,8466,9879,2,0,20.0,1.0,6.0,0.0,1.62,4.0,6.5,2,2,2,1,0,0,1,1,0,2,2,1,2,2,1,0,2
492,43,46,69,66,47,44,27,53,1729,1729,1,1723982,9825,9826,2,1,14.0,4.0,6.0,2.0,1.25,6.5,15.0,3,0,2,2,0,0,1,1,1,2,2,1,2,0,1,0,2
493,46,41,46,61,63,42,43,46,1729,1729,1,1723983,8191,8455,1,3,9.0,11.0,2.0,3.0,9.0,5.0,1.4,2,2,0,0,0,0,1,1,0,2,2,1,2,2,1,0,0
494,47,40,42,56,51,62,64,44,1729,1729,1,1723985,8650,8466,2,1,12.0,12.0,5.0,6.0,1.33,5.75,10.0,3,2,0,2,0,1,1,1,0,2,2,0,2,2,1,0,2
495,54,67,72,57,47,63,62,58,1729,1729,10,1724072,9825,8191,3,0,32.0,6.0,13.0,2.0,1.25,6.5,14.0,3,0,2,0,0,0,0,1,1,2,2,1,2,2,1,0,2
496,60,70,70,70,55,35,70,35,1729,1729,10,1724075,9826,8472,1,3,9.0,8.0,1.0,7.0,2.1,3.5,3.8,1,2,1,0,0,0,0,1,1,1,2,1,2,1,1,0,0
497,65,40,65,65,70,45,45,65,1729,1729,10,1724079,8456,10260,1,0,16.0,9.0,6.0,2.0,1.91,3.75,4.33,5,1,0,1,0,0,1,1,0,2,1,0,2,2,1,0,2
498,60,45,55,45,45,60,62,46,1729,1729,11,1724083,8650,8455,1,2,12.0,15.0,4.0,5.0,3.4,3.4,2.3,3,2,0,0,0,0,1,1,0,2,2,1,2,2,1,0,0
499,52,47,69,66,47,36,33,53,1729,1729,11,1724084,10260,9826,1,0,23.0,6.0,5.0,1.0,1.3,6.0,11.0,2,0,1,1,0,0,1,1,1,2,2,1,2,0,1,0,2
500,61,42,39,59,48,52,58,60,1729,1729,11,1724087,8472,8668,1,1,10.0,16.0,3.0,7.0,4.0,3.5,2.05,0,3,1,0,0,1,1,1,0,2,2,1,2,2,1,0,1
501,38,44,49,44,40,54,53,56,1729,1729,12,1724092,9825,10260,1,2,23.0,12.0,9.0,2.0,2.15,3.6,3.5,3,1,2,1,0,1,1,1,0,2,2,1,2,2,1,0,0
502,70,55,70,70,65,70,70,70,1729,1729,12,1724093,10252,8466,1,1,7.0,15.0,1.0,4.0,5.25,3.75,1.75,2,1,1,2,1,0,1,1,1,1,2,1,1,1,2,0,1
503,60,50,40,45,60,55,55,50,1729,1729,12,1724095,9826,8650,3,1,15.0,12.0,5.0,1.0,4.33,3.7,1.91,0,4,1,1,0,0,1,1,0,2,2,1,2,2,1,0,2
504,67,58,44,60,56,43,50,52,1729,1729,13,1724102,8191,10252,1,1,11.0,18.0,4.0,7.0,2.15,3.4,3.75,2,0,0,0,1,0,1,1,0,2,2,1,2,2,1,0,1
505,36,34,39,44,38,42,44,54,1729,1729,13,1724106,8466,8456,0,3,13.0,15.0,4.0,6.0,3.2,3.6,2.3,3,2,1,0,0,0,1,1,0,2,2,0,2,2,1,0,0
506,67,38,41,61,68,39,41,46,1729,1729,13,1724107,8472,8455,0,0,12.0,24.0,3.0,6.0,9.0,5.0,1.4,0,3,1,0,1,1,1,1,0,2,1,1,2,2,1,0,1
507,52,46,42,54,30,50,65,44,1729,1729,14,1724112,9825,8466,1,0,19.0,6.0,8.0,1.0,1.8,3.75,5.0,3,1,1,3,0,0,1,1,0,2,0,1,2,2,1,0,2
508,63,59,52,55,34,39,41,54,1729,1729,14,1724117,9826,10252,0,1,17.0,5.0,5.0,3.0,2.1,3.4,4.0,1,0,1,1,0,0,1,1,0,2,2,1,2,2,1,0,0
509,59,29,38,36,24,48,47,54,1729,1729,14,1724121,8472,8456,1,4,8.0,15.0,2.0,4.0,7.5,4.5,1.5,0,3,2,0,0,1,2,0,0,2,0,0,2,2,1,0,0
510,67,62,44,72,59,47,53,60,1729,1729,15,1724124,8650,8472,0,0,15.0,7.0,2.0,1.0,1.5,4.5,7.5,2,3,0,0,1,0,1,1,0,1,2,1,2,2,1,0,1
511,58,62,48,59,32,41,44,59,1729,1729,15,1724125,8456,8668,1,0,19.0,9.0,3.0,2.0,1.5,4.75,7.0,5,2,0,1,0,0,1,1,0,2,0,1,2,2,1,0,2
512,46,54,49,72,56,42,41,56,1729,1729,15,1724128,8466,10260,1,2,15.0,3.0,4.0,2.0,2.8,3.4,2.7,3,2,1,1,0,1,1,1,0,1,2,1,2,2,1,0,0
513,52,46,42,54,30,50,65,44,1729,1729,16,1724133,8191,8466,1,0,7.0,15.0,2.0,4.0,5.5,3.75,1.73,1,1,1,2,0,0,1,1,0,2,0,1,2,2,1,0,2
514,50,35,50,60,70,40,60,40,1729,1729,16,1724138,10260,8650,3,0,11.0,19.0,6.0,9.0,1.8,3.8,4.75,3,3,1,1,0,0,1,1,0,2,1,1,2,2,1,0,2
515,65,40,65,65,70,45,45,65,1729,1729,17,1724142,10252,10260,1,1,10.0,16.0,4.0,9.0,6.25,4.0,1.62,1,3,2,0,0,0,1,1,0,2,1,0,2,2,1,0,1
516,25,32,41,34,30,57,57,52,1729,1729,17,1724144,8650,9825,2,2,27.0,7.0,10.0,3.0,2.8,3.5,2.6,2,2,1,0,2,0,2,1,0,2,0,0,2,2,1,0,1
517,52,47,69,66,47,36,33,53,1729,1729,17,1724145,8456,9826,3,0,15.0,6.0,3.0,1.0,1.29,6.0,12.0,5,0,0,0,0,0,1,1,1,2,2,1,2,0,1,0,2
518,43,40,39,33,63,52,58,59,1729,1729,17,1724148,8466,8668,3,0,11.0,13.0,3.0,4.0,2.45,3.5,3.0,2,1,1,1,0,1,1,1,0,0,2,1,2,2,1,0,2
519,71,32,34,41,61,51,48,62,1729,1729,18,1724153,8191,8650,0,1,16.0,10.0,0.0,3.0,4.75,3.8,1.8,2,2,1,1,1,1,2,1,0,2,2,1,2,2,1,0,0
520,52,46,42,54,30,50,65,44,1729,1729,18,1724155,9826,8466,1,3,11.0,13.0,4.0,6.0,3.75,3.4,2.15,1,0,0,2,0,0,1,1,0,2,0,1,2,2,1,0,0
521,43,51,59,50,55,47,45,49,1729,1729,19,1724162,10252,8472,0,0,14.0,15.0,3.0,3.0,2.35,3.3,3.4,1,3,3,1,0,1,1,1,0,2,2,1,2,2,1,0,1
522,70,65,70,70,70,65,70,70,1729,1729,19,1724165,8456,8191,2,2,17.0,12.0,6.0,3.0,1.18,8.0,19.0,5,0,0,0,1,0,1,1,1,1,1,1,2,1,2,0,1
523,60,50,60,60,80,35,55,50,1729,1729,19,1724168,8466,8455,1,1,9.0,7.0,1.0,1.0,4.75,3.75,1.83,3,3,0,1,0,0,1,0,0,2,1,0,2,2,1,0,1
524,75,40,40,45,65,50,40,45,1729,1729,2,1723995,8668,9825,2,2,8.0,13.0,2.0,3.0,2.8,3.4,2.7,3,2,0,1,1,0,1,0,0,2,2,0,2,2,1,0,1
525,60,60,48,73,53,50,48,62,1729,1729,2,1723997,8456,8650,3,1,9.0,11.0,4.0,3.0,1.85,4.0,4.33,4,2,1,1,0,0,1,1,0,1,2,1,2,2,1,0,2
526,46,38,46,68,37,49,49,56,1729,1729,2,1723999,8472,10260,1,1,11.0,10.0,3.0,3.0,5.0,4.0,1.75,0,3,2,1,0,0,1,1,0,1,2,1,2,2,1,0,1
527,61,68,67,62,52,36,34,48,1729,1729,20,1724172,10252,9826,0,0,14.0,6.0,3.0,0.0,2.4,3.3,3.3,1,0,3,0,0,1,0,1,1,2,2,1,2,2,1,0,1
528,43,51,59,50,55,47,45,49,1729,1729,20,1724175,8456,8472,3,2,32.0,4.0,12.0,4.0,1.22,7.0,15.0,4,3,1,2,0,1,1,1,0,2,2,1,2,2,1,0,2
529,66,30,30,45,35,30,40,50,1729,1729,20,1724178,8466,9825,2,0,13.0,11.0,6.0,6.0,2.9,3.4,2.6,2,2,1,2,0,0,2,0,2,2,2,0,0,2,1,0,2
530,70,60,70,65,75,65,65,50,1729,1729,21,1724186,8668,8456,1,1,11.0,18.0,4.0,2.0,4.5,3.75,1.85,3,3,1,0,1,0,1,1,1,2,1,0,2,2,1,0,1
531,47,52,54,56,60,48,52,44,1729,1729,21,1724188,10260,8466,0,1,10.0,9.0,0.0,1.0,1.83,3.75,4.75,3,1,1,1,0,0,1,1,0,2,2,1,2,2,1,0,0
532,39,44,42,34,54,59,52,61,1729,1729,21,1724189,8472,8650,0,1,5.0,21.0,1.0,4.0,4.5,3.6,1.91,0,2,3,0,0,0,1,1,0,2,2,1,2,2,1,0,0
533,71,32,34,41,61,51,48,62,1729,1729,22,1724192,10252,8650,0,2,15.0,12.0,4.0,5.0,4.5,3.6,1.91,0,2,4,0,1,1,2,1,0,2,2,1,2,2,1,0,0
534,61,67,67,69,50,36,34,41,1729,1729,22,1724193,8191,9826,2,3,7.0,11.0,4.0,4.0,2.55,3.25,3.1,2,0,1,1,0,1,0,1,1,1,2,1,2,2,1,0,0
535,66,30,30,45,35,30,40,50,1729,1729,22,1724196,8456,9825,0,2,12.0,9.0,4.0,3.0,1.8,4.0,4.5,4,2,1,2,0,0,2,0,2,2,2,0,0,2,1,0,0
536,65,50,45,55,50,35,45,65,1729,1729,23,1724202,9825,10252,5,0,13.0,9.0,8.0,2.0,1.25,6.5,15.0,3,1,1,1,0,0,1,1,0,2,2,1,2,2,1,0,2
537,70,60,55,70,70,45,55,45,1729,1729,23,1724203,8455,8456,1,1,3.0,10.0,2.0,5.0,2.15,3.5,3.6,4,2,0,1,1,0,1,1,0,1,1,1,2,2,1,0,1
538,60,50,55,70,55,55,65,60,1729,1729,23,1724204,9826,8668,0,1,13.0,14.0,3.0,2.0,2.8,3.3,2.75,1,1,0,1,0,0,1,1,0,1,2,1,2,2,1,0,0
539,48,44,56,58,48,52,50,58,1729,1729,23,1724210,8472,8191,2,0,8.0,13.0,3.0,4.0,2.25,3.3,3.6,0,0,3,1,0,0,1,1,0,2,2,1,2,2,1,0,2
540,46,41,46,61,63,42,43,46,1729,1729,24,1724212,10252,8455,1,2,8.0,12.0,1.0,5.0,10.0,5.25,1.36,0,2,4,2,0,0,1,1,0,2,2,1,2,2,1,0,0
541,71,32,34,41,61,51,48,62,1729,1729,24,1724214,8668,8650,0,0,6.0,17.0,1.0,6.0,3.4,3.4,2.3,2,3,2,0,1,1,2,1,0,2,2,1,2,2,1,0,1
542,54,67,72,57,47,63,62,58,1729,1729,25,1724224,10260,8191,3,1,11.0,13.0,7.0,3.0,1.29,6.0,12.0,3,0,1,1,0,0,0,1,1,2,2,1,2,2,1,0,2
543,60,65,60,70,45,40,70,40,1729,1729,25,1724229,8455,8668,1,0,21.0,7.0,7.0,4.0,1.33,5.5,11.0,3,2,1,1,0,0,1,1,0,1,2,1,2,1,1,0,2
544,48,44,56,58,48,52,50,58,1729,1729,26,1724233,8455,8191,1,1,14.0,10.0,5.0,5.0,1.2,7.5,17.0,3,0,1,1,0,0,1,1,0,2,2,1,2,2,1,0,1
545,30,29,41,55,39,64,54,52,1729,1729,26,1724234,9826,9825,1,2,22.0,12.0,3.0,4.0,4.75,3.75,1.83,1,2,0,2,2,0,2,1,0,2,2,0,2,2,1,0,0
546,71,32,34,41,61,51,48,62,1729,1729,26,1724238,8466,8650,0,2,13.0,6.0,5.0,4.0,2.63,3.3,2.9,2,3,1,1,1,1,2,1,0,2,2,1,2,2,1,0,0
547,43,40,39,33,63,52,58,59,1729,1729,27,1724242,9825,8668,2,0,17.0,8.0,4.0,2.0,1.57,4.5,6.0,4,1,0,1,0,1,1,1,0,0,2,1,2,2,1,0,2
548,70,60,55,70,70,45,55,45,1729,1729,27,1724245,8650,8456,2,1,11.0,8.0,5.0,1.0,3.1,3.6,2.38,2,2,2,2,1,0,1,1,0,1,1,1,2,2,1,0,2
549,55,55,55,65,55,45,55,65,1729,1729,27,1724246,10260,8472,2,0,30.0,5.0,10.0,3.0,1.36,5.25,10.0,3,2,1,2,0,0,1,1,0,2,2,1,2,2,1,0,2
550,43,46,69,66,47,44,27,53,1729,1729,28,1724255,8466,9826,1,0,23.0,9.0,3.0,3.0,1.7,3.8,5.75,2,1,1,1,0,0,1,1,1,2,2,1,2,0,1,0,2
551,54,55,56,59,48,48,50,58,1729,1729,28,1724257,8650,8191,2,0,20.0,9.0,8.0,1.0,1.36,5.25,10.0,2,0,2,2,0,0,1,1,0,2,2,1,2,2,1,0,2
552,59,29,32,49,62,42,44,54,1729,1729,29,1724263,8191,8456,1,0,10.0,21.0,4.0,5.0,7.5,5.0,1.44,1,2,1,2,0,1,2,1,2,2,2,1,2,2,1,0,2
553,52,46,42,54,30,50,65,44,1729,1729,29,1724264,8455,8466,1,1,22.0,12.0,7.0,5.0,1.62,4.0,6.5,3,2,2,1,0,0,1,1,0,2,0,1,2,2,1,0,1
554,70,59,65,70,50,30,70,30,1729,1729,29,1724269,8472,10252,0,4,12.0,14.0,2.0,8.0,2.38,3.25,3.4,1,1,2,1,1,0,1,1,0,1,2,0,0,1,0,0,0
555,65,40,65,65,70,45,45,65,1729,1729,3,1724003,8191,10260,0,0,9.0,7.0,3.0,2.0,6.0,4.2,1.62,2,2,1,2,0,0,1,1,0,2,1,0,2,2,1,0,1
556,67,36,41,34,44,39,41,46,1729,1729,3,1724004,8668,8455,3,6,17.0,12.0,7.0,8.0,3.75,3.3,2.2,1,3,3,2,1,1,1,1,0,2,2,1,2,2,1,0,0
557,70,45,45,70,65,40,50,40,1729,1729,30,1724274,8650,10260,1,2,7.0,6.0,1.0,4.0,2.05,3.4,3.6,2,2,2,3,1,0,1,1,0,1,2,0,2,2,1,0,0
558,36,52,49,68,55,24,56,66,1729,1729,30,1724278,8466,8191,2,0,20.0,15.0,3.0,3.0,1.4,4.5,7.5,3,0,1,2,0,0,1,1,0,1,2,1,0,2,1,0,2
559,60,60,48,73,53,50,48,62,1729,1729,31,1724282,9825,8650,4,1,16.0,13.0,10.0,2.0,1.83,3.75,4.2,4,3,0,1,0,0,1,1,0,1,2,1,2,2,1,0,2
560,36,34,39,44,38,42,44,54,1729,1729,31,1724285,9826,8456,2,1,5.0,22.0,3.0,4.0,5.0,4.0,1.67,1,1,0,2,0,0,1,1,0,2,2,0,2,2,1,0,2
561,47,40,42,56,51,62,64,44,1729,1729,31,1724286,8668,8466,1,0,11.0,11.0,1.0,2.0,2.63,3.2,2.8,1,2,3,1,0,1,1,1,0,2,2,0,2,2,1,0,2
562,63,54,60,48,38,35,44,54,1729,1729,31,1724288,10260,10252,3,1,19.0,4.0,7.0,2.0,1.3,5.5,10.0,4,2,0,1,0,1,1,1,0,2,2,1,2,2,1,0,2
563,66,30,30,45,35,30,40,50,1729,1729,32,1724292,8191,9825,0,1,8.0,17.0,4.0,5.0,6.5,4.33,1.57,2,2,1,2,0,0,2,0,2,2,2,0,0,2,1,0,0
564,70,60,70,65,75,65,65,50,1729,1729,32,1724294,10260,8456,4,2,11.0,10.0,7.0,3.0,2.63,3.4,2.88,4,0,0,2,1,0,1,1,1,2,1,0,2,2,1,0,2
565,43,46,69,66,47,44,27,53,1729,1729,32,1724297,8472,9826,1,4,12.0,14.0,3.0,5.0,2.9,3.2,2.7,1,1,1,1,0,0,1,1,1,2,2,1,2,0,1,0,0
566,57,66,56,31,72,47,52,49,1729,1729,33,1724302,9825,8472,0,0,28.0,7.0,8.0,3.0,1.3,6.0,11.0,4,1,0,2,0,0,1,1,0,0,1,1,2,2,1,0,1
567,46,54,49,72,56,42,41,56,1729,1729,33,1724304,8455,10260,1,0,7.0,15.0,2.0,2.0,2.0,3.4,4.33,2,2,3,3,0,1,1,1,0,1,2,1,2,2,1,0,2
568,70,65,70,70,70,65,70,70,1729,1729,33,1724306,8668,8191,1,0,21.0,10.0,8.0,1.0,1.73,3.8,5.5,1,0,3,1,1,0,1,1,1,1,1,1,2,1,2,0,2
569,60,50,60,60,80,35,55,50,1729,1729,34,1724312,9825,8455,0,0,12.0,7.0,1.0,3.0,2.4,3.3,3.3,4,3,1,2,0,0,1,0,0,2,1,0,2,2,1,0,1
570,46,54,46,60,55,40,50,56,1729,1729,34,1724315,8668,10260,3,0,9.0,17.0,7.0,4.0,3.75,3.4,2.15,2,1,2,3,0,0,1,1,0,2,2,1,2,2,1,0,2
571,63,59,52,55,34,39,41,54,1729,1729,34,1724316,8456,10252,3,2,11.0,13.0,4.0,4.0,1.29,6.0,12.0,3,2,1,1,0,0,1,1,0,2,2,1,2,2,1,0,2
572,61,42,39,59,48,52,58,60,1729,1729,35,1724322,10252,8668,3,2,11.0,9.0,4.0,5.0,2.75,3.3,2.8,0,1,3,0,0,1,1,1,0,2,2,1,2,2,1,0,2
573,61,67,67,69,50,36,34,41,1729,1729,35,1724323,8455,9826,1,0,17.0,8.0,7.0,1.0,1.36,5.25,10.0,2,2,3,1,0,1,0,1,1,1,2,1,2,2,1,0,2
574,70,55,70,70,65,70,70,70,1729,1729,35,1724328,8472,8466,2,1,12.0,11.0,6.0,2.0,4.2,3.4,2.05,1,2,1,1,1,0,1,1,1,1,2,1,1,1,2,0,2
575,60,50,40,45,60,55,55,50,1729,1729,36,1724334,8455,8650,1,1,8.0,15.0,3.0,4.0,2.1,3.5,3.8,3,3,2,1,0,0,1,1,0,2,2,1,2,2,1,0,1
576,46,54,46,60,55,40,50,56,1729,1729,36,1724335,9826,10260,1,2,13.0,13.0,4.0,4.0,4.5,3.6,1.91,1,1,0,2,0,0,1,1,0,2,2,1,2,2,1,0,0
577,57,66,56,31,72,47,52,49,1729,1729,36,1724336,8668,8472,0,2,22.0,10.0,4.0,3.0,1.8,3.75,5.0,3,0,1,3,0,0,1,1,0,0,1,1,2,2,1,0,0
578,61,68,67,62,52,36,34,48,1729,1729,37,1724343,8650,9826,1,3,18.0,15.0,3.0,6.0,1.45,4.75,8.0,2,2,2,1,0,1,0,1,1,2,2,1,2,2,1,0,0
579,66,30,30,45,35,30,40,50,1729,1729,37,1724344,10260,9825,1,1,12.0,5.0,4.0,3.0,2.45,3.5,3.0,4,3,0,1,0,0,2,0,2,2,2,0,0,2,1,0,1
580,65,50,45,55,50,35,45,65,1729,1729,37,1724346,8466,10252,6,1,18.0,9.0,11.0,4.0,1.75,3.8,5.25,3,2,1,0,0,0,1,1,0,2,2,1,2,2,1,0,2
581,48,44,56,58,48,52,50,58,1729,1729,38,1724353,10252,8191,0,1,16.0,6.0,5.0,3.0,2.1,3.6,3.75,1,0,2,1,0,0,1,1,0,2,2,1,2,2,1,0,0
582,57,66,56,31,72,47,52,49,1729,1729,38,1724354,8455,8472,3,1,24.0,17.0,8.0,9.0,1.36,5.25,9.5,2,1,3,2,0,0,1,1,0,0,1,1,2,2,1,0,2
583,47,40,42,56,51,62,64,44,1729,1729,38,1724359,8456,8466,2,0,15.0,13.0,6.0,4.0,1.57,4.5,6.0,3,2,1,1,0,1,1,1,0,2,2,0,2,2,1,0,2
584,59,29,38,36,24,48,47,54,1729,1729,4,1724012,9825,8456,2,2,15.0,15.0,6.0,8.0,3.0,3.4,2.5,3,0,2,1,0,1,2,0,0,2,0,0,2,2,1,0,1
585,70,65,70,70,70,65,70,70,1729,1729,4,1724014,9826,8191,0,0,14.0,11.0,3.0,3.0,2.25,3.3,3.6,1,1,0,1,1,0,1,1,1,1,1,1,2,1,2,0,1
586,65,50,45,55,50,35,45,65,1729,1729,4,1724016,8650,10252,0,1,18.0,5.0,1.0,1.0,1.3,6.0,11.0,2,1,1,0,0,0,1,1,0,2,2,1,2,2,1,0,0
587,25,32,41,34,30,57,57,52,1729,1729,5,1724022,10252,9825,0,3,6.0,9.0,2.0,3.0,4.75,3.6,1.85,1,3,1,1,2,0,2,1,0,2,0,0,2,2,1,0,0
588,57,66,56,31,72,47,52,49,1729,1729,5,1724023,8191,8472,0,0,17.0,14.0,6.0,6.0,2.5,3.3,3.1,1,1,1,1,0,0,1,1,0,0,1,1,2,2,1,0,1
589,61,68,67,62,52,36,34,48,1729,1729,5,1724024,8668,9826,2,3,17.0,10.0,6.0,3.0,1.4,5.0,9.0,3,3,0,0,0,1,0,1,1,2,2,1,2,2,1,0,0
590,70,60,56,70,70,30,60,35,1729,1729,5,1724026,8456,8455,1,1,16.0,6.0,4.0,2.0,2.38,3.5,3.1,4,2,0,3,1,0,1,0,0,1,1,0,0,2,1,0,1
591,65,50,45,55,50,35,45,65,1729,1729,6,1724033,8455,10252,3,0,17.0,7.0,8.0,1.0,1.22,7.0,16.0,3,2,2,0,0,0,1,1,0,2,2,1,2,2,1,0,2
592,56,56,48,57,56,50,50,60,1729,1729,6,1724036,8650,8668,1,1,24.0,11.0,8.0,5.0,1.91,3.75,4.33,2,1,0,0,0,0,1,1,0,2,2,1,2,2,1,0,1
593,36,34,39,44,38,42,44,54,1729,1729,7,1724042,10252,8456,0,2,6.0,27.0,1.0,7.0,7.5,4.5,1.5,1,0,0,1,0,0,1,1,0,2,2,0,2,2,1,0,0
594,59,26,28,55,64,51,44,52,1729,1729,7,1724043,8455,9825,2,0,5.0,10.0,3.0,0.0,1.67,4.2,5.25,4,4,1,1,0,1,2,1,2,2,2,0,2,2,1,0,2
595,43,40,39,33,63,52,58,59,1729,1729,7,1724047,10260,8668,2,1,15.0,10.0,4.0,6.0,1.67,4.2,5.25,4,1,1,1,0,1,1,1,0,0,2,1,2,2,1,0,2
596,70,60,56,70,70,30,60,35,1729,1729,8,1724054,9826,8455,1,2,7.0,14.0,4.0,5.0,8.5,4.75,1.44,1,2,1,3,1,0,1,0,0,1,1,0,0,2,1,0,0
597,65,50,45,55,50,35,45,65,1729,1729,8,1724055,8668,10252,3,0,15.0,10.0,6.0,2.0,1.6,4.0,6.5,3,1,0,0,0,0,1,1,0,2,2,1,2,2,1,0,2
598,67,62,44,72,59,47,53,60,1729,1729,8,1724059,8466,8472,8,0,20.0,12.0,11.0,1.0,1.57,4.0,7.0,4,1,0,2,1,0,1,1,0,1,2,1,2,2,1,0,2
599,58,62,48,59,32,41,44,59,1729,1729,9,1724062,8191,8668,1,3,14.0,15.0,3.0,6.0,4.75,3.75,1.83,1,0,2,1,0,0,1,1,0,2,0,1,2,2,1,0,0
600,67,38,41,61,68,39,41,46,1729,1729,9,1724064,10260,8455,1,1,19.0,9.0,7.0,4.0,2.88,3.6,2.5,4,3,1,2,1,1,1,1,0,2,1,1,2,2,1,0,1
601,59,30,28,44,46,51,44,52,1729,1729,9,1724067,8472,9825,0,2,11.0,15.0,3.0,5.0,5.5,3.8,1.73,2,3,0,1,0,1,2,1,2,2,2,0,2,2,1,0,0
