,buildUpPlaySpeed,buildUpPlayPassing,chanceCreationPassing,chanceCreationCrossing,chanceCreationShooting,defencePressure,defenceAggression,defenceTeamWidth,date,buildUpPlaySpeedClass,buildUpPlayDribblingClass,buildUpPlayPassingClass,buildUpPlayPositioningClass,chanceCreationPassingClass,chanceCreationCrossingClass,chanceCreationShootingClass,chanceCreationPositioningClass,defencePressureClass,defenceAggressionClass,defenceTeamWidthClass,defenceDefenderLineClass,home_team_goal,away_team_goal
0,-6,35,30,25,10,10,30,-10,0,0,0,-1,1,-2,-1,0,1,2,-1,0,0,1,6
1,7,1,-9,6,-1,10,12,5,0,0,-1,0,0,0,0,0,0,2,2,0,0,0,1
2,28,1,-15,-10,6,-3,-1,5,0,0,0,0,0,0,0,0,0,0,0,0,0,2,0
3,10,-10,-15,0,20,5,20,5,0,1,0,1,0,-1,0,-1,0,0,0,0,0,2,2
4,-10,5,5,10,-20,-10,-20,0,0,0,0,0,0,0,0,0,0,0,0,0,0,3,1
5,-11,-2,4,-3,0,7,0,8,0,-1,0,0,0,0,0,0,0,0,0,0,0,1,1
6,-18,-21,-17,-15,-10,-6,-6,-4,0,0,0,0,0,0,0,0,-1,0,0,0,0,3,3
7,21,-16,-8,-11,12,-3,0,-10,0,1,0,0,0,0,1,-1,0,0,0,0,0,1,0
8,-16,21,31,6,9,-4,1,-3,0,0,0,-1,0,-2,0,0,1,0,0,0,0,1,0
9,0,6,5,0,20,35,0,40,0,0,0,0,0,1,0,-1,1,2,0,2,0,1,1
10,-10,-10,-30,-20,-15,-10,-10,0,0,-1,0,0,0,-1,0,1,1,0,0,0,0,2,2
11,-10,-2,-2,3,-1,-10,0,-4,0,0,0,0,0,0,0,0,0,0,0,0,0,3,0
12,22,24,-6,-21,19,0,2,-12,0,1,0,0,0,0,1,0,0,0,0,0,0,1,4
13,-10,10,5,18,-13,1,10,-2,0,-1,0,-1,0,0,0,0,0,0,0,0,0,0,2
14,-8,-6,-13,10,2,12,3,6,0,-1,0,1,0,2,0,0,-1,0,0,0,0,0,3
15,0,5,0,0,-15,-25,0,-30,0,0,0,-1,0,0,0,1,0,0,0,-1,0,2,0
16,10,10,10,5,-5,30,10,0,0,1,0,0,1,1,0,0,0,0,0,0,0,2,1
17,-19,-17,-6,-10,-5,-9,-15,2,0,-1,0,0,0,0,1,0,0,0,0,0,0,1,0
18,-17,-21,-6,13,3,10,8,2,0,0,0,0,0,0,-1,0,0,0,0,0,0,0,1
19,1,4,7,-3,5,2,-2,9,0,0,0,0,0,0,0,0,0,0,0,0,0,1,1
20,7,15,6,-10,0,0,8,9,0,0,0,-1,0,-2,0,0,1,0,0,0,0,1,2
21,10,-5,-4,0,25,-10,-10,-5,0,1,0,0,-1,0,0,-1,-1,-2,1,0,0,3,3
22,-14,-3,4,13,15,-21,21,16,0,0,0,0,0,0,-1,0,0,-2,0,0,0,1,1
23,0,4,0,12,3,4,3,8,0,0,0,0,0,0,-1,0,0,0,0,0,0,0,2
24,24,26,15,4,9,-16,-4,6,0,-2,0,-1,0,0,0,0,1,0,0,0,0,1,1
25,8,-19,-8,14,15,0,1,2,0,1,1,0,0,0,0,-1,0,0,0,0,0,2,1
26,-7,12,15,13,7,-12,-12,-17,0,0,-1,0,0,0,0,0,0,0,0,0,0,2,0
27,10,-10,-15,0,15,10,-15,10,0,1,0,1,0,-1,0,-1,0,0,1,0,0,4,3
28,-15,15,-20,-10,-30,0,-10,-15,0,0,0,0,0,0,0,1,1,0,0,0,0,3,0
29,11,6,-4,15,3,-3,3,0,0,1,0,0,0,0,-1,0,0,0,0,0,0,1,1
30,-33,-30,-11,0,5,25,13,-2,0,2,0,1,0,0,0,0,-1,0,0,0,0,3,0
31,-7,23,15,-17,-10,2,-3,7,0,-1,-1,0,0,0,0,1,0,0,0,0,0,1,3
32,16,23,23,13,7,9,9,2,0,0,-1,-1,0,1,0,0,0,0,0,0,0,1,0
33,10,-5,-5,0,25,5,-15,5,0,1,0,0,0,0,0,-1,0,0,1,0,0,0,2
34,-39,8,8,21,-14,-14,4,3,0,-1,0,0,1,0,0,0,1,0,0,0,0,1,4
35,8,12,-8,-1,8,-2,0,2,0,0,0,0,0,0,0,0,0,0,0,0,0,2,0
36,-6,-8,-3,5,4,3,4,-11,0,0,0,0,0,0,0,0,0,0,0,0,0,2,1
37,-5,40,29,7,-5,-12,-6,-10,0,-1,-1,-2,0,0,0,0,0,0,0,0,0,0,1
38,-7,-9,-10,7,6,-10,-10,-5,0,0,1,0,0,0,0,0,0,-2,-2,0,0,1,0
39,6,-35,-30,-25,-10,-10,-30,10,0,0,0,1,-1,2,1,0,-1,-2,1,0,0,2,2
40,29,-12,16,-3,15,21,-11,-1,0,0,0,0,0,0,1,-1,-1,2,0,0,0,3,0
41,11,1,8,19,8,0,-10,6,0,0,0,0,0,0,0,0,1,0,0,0,0,2,0
42,-11,-25,-10,30,-9,-5,-9,-3,0,0,0,0,0,0,2,1,0,0,0,0,0,7,2
43,1,-19,-17,15,-10,11,20,7,0,0,1,0,0,0,0,0,0,0,0,0,0,2,0
44,4,24,32,4,-8,-16,0,2,0,0,0,-1,0,-2,0,0,1,0,0,0,0,0,0
45,0,-10,-15,0,15,5,-15,5,0,0,0,1,0,-1,0,-1,0,0,1,0,0,2,0
46,-15,5,0,0,-10,10,-10,-15,0,0,0,0,0,0,0,0,0,0,0,0,0,0,2
47,-12,-1,1,13,3,-8,-12,12,0,0,0,0,0,0,0,0,0,0,0,0,0,1,2
48,-16,-9,-5,-13,2,15,5,-4,0,2,0,1,0,0,1,0,-1,0,0,0,0,1,3
49,-13,-3,0,25,3,3,1,12,0,0,1,0,0,0,-1,0,0,0,0,0,0,5,0
50,8,6,13,-10,-2,-12,-3,-6,0,1,0,-1,0,-2,0,0,1,0,0,0,0,2,0
51,-10,-30,-10,-10,25,0,-10,0,0,0,0,0,0,0,1,-1,0,0,1,0,0,1,0
52,15,-10,0,0,5,-5,-15,-5,0,1,0,0,-1,0,0,0,-1,0,0,0,0,1,0
53,0,1,-18,4,6,-14,-12,4,0,0,0,0,0,0,0,0,0,0,0,0,0,3,0
54,11,-4,-16,16,-16,2,-1,-5,0,1,0,0,0,0,2,1,0,0,0,0,0,1,1
55,20,18,14,-24,0,-3,1,-4,0,0,-1,-1,0,0,1,0,0,0,0,0,0,1,1
56,-24,4,-2,-1,19,13,17,13,0,-1,0,0,0,0,-2,0,0,0,0,0,0,2,1
57,-10,20,15,0,-20,0,20,0,0,-1,0,0,0,0,0,0,1,0,-1,0,0,3,1
58,20,-15,-15,-20,10,5,-15,-20,0,1,0,0,-1,0,0,0,-1,0,0,0,0,2,0
59,20,25,5,10,0,5,-5,5,0,1,0,0,0,0,-1,0,0,0,0,0,0,0,0
60,29,-2,-4,-13,-5,11,-11,-1,0,0,0,0,0,0,1,0,0,2,0,0,0,5,2
61,19,17,6,10,5,9,15,-2,0,1,0,0,0,0,-1,0,0,0,0,0,0,0,0
62,10,7,7,17,25,0,-1,-8,0,0,0,0,0,0,0,0,1,0,0,0,0,2,4
63,-11,17,23,12,5,15,17,14,0,0,0,-1,0,1,0,0,0,0,0,0,0,1,2
64,-8,21,8,13,9,0,-1,-2,0,-1,-1,0,0,0,0,0,0,0,0,0,0,0,5
65,10,-11,-5,0,-5,-5,0,-5,0,1,0,1,0,-1,0,0,-1,-2,0,-1,0,1,1
66,39,-12,-9,-23,10,26,-16,-21,0,1,0,0,-1,0,1,0,-1,2,0,0,0,3,1
67,0,-31,-21,8,11,12,4,8,0,0,1,1,0,2,0,0,-1,0,0,0,0,4,1
68,5,-40,-29,-7,5,12,6,10,0,1,1,2,0,0,0,0,0,0,0,0,0,1,3
69,-15,12,-2,20,15,-10,-11,-7,0,-1,0,0,0,0,0,0,0,-2,-2,0,0,0,2
70,10,0,10,0,25,25,0,30,0,1,0,0,0,1,0,-1,0,0,0,1,0,1,0
71,-15,-5,-15,0,-20,-20,-10,15,0,-1,0,0,0,-1,0,1,1,0,0,0,0,1,1
72,-2,9,8,-2,1,2,12,-6,0,0,0,0,0,0,0,0,0,0,0,0,0,3,0
73,-29,-18,2,-13,-2,10,1,17,0,-1,0,0,0,0,0,0,0,0,0,0,0,4,1
74,-7,27,26,-8,-8,-13,-16,-15,0,0,0,-1,0,-2,0,0,0,-2,-2,0,0,1,2
75,-28,-1,15,10,-6,3,1,-5,0,0,0,0,0,0,0,0,0,0,0,0,0,2,1
76,-10,-35,-20,-10,15,5,-10,5,0,0,0,1,0,-1,1,-1,0,0,1,0,0,3,0
77,-5,0,15,5,30,0,10,-15,0,0,0,0,-1,0,0,-1,-1,0,0,0,0,7,1
78,-14,9,-9,15,10,-20,-12,10,0,0,0,0,0,0,0,0,0,0,0,0,0,1,2
79,18,21,17,15,10,6,6,4,0,0,0,0,0,0,0,0,1,0,0,0,0,1,6
80,19,-24,-24,0,7,22,20,23,0,1,0,1,0,0,0,0,0,2,2,0,0,0,0
81,20,14,21,15,-25,-17,-14,-5,0,0,0,0,0,0,2,0,0,0,0,0,0,2,2
82,-10,5,0,0,-15,-30,0,-35,0,-1,0,-1,0,0,0,1,0,0,0,-1,0,2,1
83,-29,-2,3,11,1,1,-1,-17,0,0,0,0,0,0,0,0,0,0,0,0,0,1,2
84,-1,1,-6,-22,-7,10,10,-2,0,0,0,0,0,0,0,0,-1,0,0,0,0,0,1
85,6,13,-1,3,-27,2,5,2,0,0,0,0,0,0,0,-2,0,0,0,0,0,2,1
86,-23,42,38,18,-3,3,9,-4,0,-1,-1,-2,0,1,0,0,0,0,0,0,0,0,4
87,0,1,-10,8,22,3,-3,-2,0,0,0,0,1,2,0,2,0,0,0,0,0,0,0
88,-10,25,25,0,-10,-5,20,-5,0,-1,0,-1,0,1,0,0,1,0,-1,0,0,0,1
89,5,10,25,10,25,30,20,-15,0,1,0,0,0,1,0,-1,-1,0,0,0,0,3,1
90,0,15,-7,28,8,-10,-14,16,0,0,0,0,0,0,-1,0,0,0,0,0,0,0,2
91,-10,0,8,12,-24,-8,-7,15,0,-1,0,0,0,0,0,-2,0,0,0,0,0,1,0
92,7,-30,-30,14,10,22,16,13,0,0,0,1,0,2,0,0,-1,2,2,0,0,4,0
93,-21,14,21,0,-6,3,9,4,0,0,0,-1,0,-2,0,0,1,0,0,0,0,2,1
94,10,-11,-5,0,0,-10,35,-10,0,1,0,1,0,-1,0,0,-1,-2,-1,-1,0,2,0
95,-34,-12,-22,1,-24,-29,-21,-2,0,-1,0,0,0,-1,0,1,1,0,0,0,0,0,1
96,12,1,-1,-13,-3,8,12,-12,0,0,0,0,0,0,0,0,0,0,0,0,0,3,0
97,-15,-11,-14,-25,6,11,2,3,0,0,0,0,0,0,0,0,0,0,0,0,0,4,0
98,0,3,4,-6,-2,-9,0,2,0,0,0,0,0,0,0,0,1,0,0,0,0,4,2
99,9,8,0,21,-4,-23,-28,-20,0,0,0,0,0,0,2,0,0,-2,-2,0,0,2,1
100,0,-15,-10,0,-5,-5,-5,-5,0,0,0,0,0,0,0,1,-1,0,0,0,0,4,3
101,29,2,-3,-11,-1,-1,1,17,0,0,0,0,0,0,0,0,0,0,0,0,0,2,0
102,-19,-18,12,-14,-11,5,-3,-2,0,-1,0,0,0,0,1,0,0,0,0,0,0,3,1
103,10,0,-8,-12,24,8,7,-15,0,1,0,0,0,0,0,2,0,0,0,0,0,0,1
104,-7,30,30,-14,-10,-22,-16,-13,0,0,0,-1,0,-2,0,0,1,-2,-2,0,0,0,1
105,-5,-7,-10,-6,-15,7,8,7,0,0,0,0,0,0,0,0,0,0,0,0,0,2,2
106,20,25,6,10,0,-10,0,-5,0,1,0,0,-1,0,-1,0,-1,-2,0,0,0,2,0
107,-5,-10,-25,-10,-25,-30,-20,15,0,-1,0,0,0,-1,0,1,1,0,0,0,0,1,1
108,7,13,-11,15,11,-17,-12,6,0,1,0,0,0,0,0,0,0,0,0,0,0,2,1
109,18,22,14,-3,18,-12,0,-12,0,0,0,0,0,0,-2,-1,0,0,0,0,0,1,0
110,12,6,6,-14,-3,0,4,10,0,1,0,0,0,-2,0,0,1,0,0,0,0,1,1
111,-1,9,-7,0,2,12,11,15,0,-1,0,0,0,0,0,0,0,0,0,0,0,2,0
112,-10,11,5,0,0,10,-35,10,0,-1,0,-1,0,1,0,0,1,2,1,1,0,1,1
113,10,-20,10,-40,10,-10,-15,-15,0,1,0,1,0,0,-1,0,0,0,0,0,0,2,2
114,22,6,-16,2,-2,-6,-2,-2,0,1,0,0,0,0,0,0,0,0,0,0,0,3,2
115,-10,-4,-7,-24,1,-7,-5,-2,0,0,0,0,0,0,1,0,-1,0,0,0,0,0,0
116,15,-18,-17,20,14,10,13,7,0,1,0,0,0,0,0,-1,0,2,2,0,0,1,0
117,25,10,11,4,-2,-19,-9,-2,0,0,0,0,0,0,0,0,0,0,0,0,0,2,2
118,-6,35,30,25,10,10,30,-10,0,0,0,-1,1,-2,-1,0,1,2,-1,0,0,1,2
119,5,-5,5,-5,25,-10,0,-15,0,0,0,0,-1,0,0,-1,-1,0,0,0,0,0,3
120,11,6,-4,15,3,-3,3,0,0,1,0,0,0,0,-1,0,0,0,0,0,0,2,2
121,16,15,10,12,21,-3,-5,3,0,0,0,0,0,0,0,0,1,0,0,0,0,1,4
122,7,46,35,-7,-8,-12,-2,0,0,0,-1,-2,0,-2,0,0,1,0,0,0,0,2,4
123,7,-18,-11,-10,-13,22,14,13,0,0,0,1,0,2,0,0,-1,2,2,0,0,2,1
124,-20,-24,-15,-10,20,10,-10,10,0,-1,0,0,0,0,1,-1,1,2,1,1,0,3,0
125,5,-10,0,-35,-5,0,5,-20,0,1,0,1,0,0,-2,1,1,0,0,0,0,2,3
126,4,-11,7,-12,-11,10,12,-14,0,0,0,0,0,0,0,0,0,0,0,0,0,1,1
127,16,9,5,13,-2,-15,-5,4,0,-2,0,-1,0,0,-1,0,1,0,0,0,0,1,0
128,-8,-5,2,-3,-4,-12,-10,-14,0,0,1,0,0,0,0,0,0,-2,-2,0,0,0,0
129,14,-3,-5,-20,-13,22,22,22,0,0,0,0,0,0,0,0,0,2,2,0,0,1,0
130,10,-5,-5,0,25,5,-15,5,0,1,0,0,0,0,0,-1,0,0,1,0,0,1,2
131,-5,10,-5,-5,10,-10,10,-15,0,0,0,0,-1,0,0,0,0,0,0,0,0,2,1
132,-21,-8,2,-12,-4,-7,-3,-4,0,-1,0,0,0,0,1,0,0,0,0,0,0,2,0
133,-16,-12,-5,-6,-24,22,11,6,0,2,0,1,0,0,0,0,-1,0,0,0,0,3,1
134,-4,40,36,7,-3,-12,-10,-8,0,0,0,-2,0,1,0,0,0,0,0,0,0,2,1
135,-3,-34,-31,1,-18,12,6,-2,0,0,0,1,0,2,0,0,-1,0,0,0,0,6,0
136,20,25,5,10,0,5,-5,5,0,1,0,0,0,0,-1,0,0,0,0,0,0,3,0
137,-15,15,-20,-10,-30,0,-10,-15,0,0,0,0,0,0,0,1,1,0,0,0,0,2,2
138,22,10,-16,14,1,-2,1,6,0,1,0,0,0,0,-1,0,0,0,0,0,0,0,2
139,-27,-25,-13,-11,4,3,3,0,0,0,0,0,0,0,0,0,-1,0,0,0,0,4,0
140,-8,-43,-38,1,4,3,6,0,0,-1,0,2,0,1,0,0,0,0,0,0,0,1,0
141,4,-18,-19,-14,6,4,-3,-8,0,1,0,0,0,0,0,0,0,0,0,0,0,3,3
142,-4,-30,-25,-25,-35,-15,-15,5,0,-1,0,1,-1,2,1,1,-1,-2,0,0,0,0,0
143,10,-5,-10,-10,-5,-10,-10,0,0,0,0,0,0,0,0,0,0,0,0,0,0,0,1
144,4,4,0,16,-3,0,-2,2,0,0,0,0,0,0,-1,0,0,0,0,0,0,2,2
145,27,25,13,11,-4,-3,-3,0,0,0,0,0,0,0,0,0,1,0,0,0,0,1,0
146,7,11,14,4,0,-2,0,1,0,1,1,-1,0,1,0,0,0,0,0,0,0,1,2
147,-25,-10,-11,-4,2,19,9,2,0,0,0,0,0,0,0,0,0,0,0,0,0,3,1
148,6,-35,-30,-25,-10,-10,-30,10,0,0,0,1,-1,2,1,0,-1,-2,1,0,0,2,1
149,-5,5,-5,5,-25,10,0,15,0,0,0,0,1,0,0,1,1,0,0,0,0,2,4
150,19,13,6,-2,2,5,12,-10,0,1,0,0,0,0,0,0,0,0,0,0,0,2,2
151,13,10,-12,1,-26,-8,-8,5,0,0,0,0,0,0,0,-2,0,0,0,0,0,5,3
152,0,0,20,15,20,-20,0,0,0,0,0,0,-1,0,0,-1,-1,0,0,0,0,0,1
153,1,-1,6,22,7,-10,-10,2,0,0,0,0,0,0,0,0,1,0,0,0,0,2,1
154,6,8,3,-5,-4,-3,-4,11,0,0,0,0,0,0,0,0,0,0,0,0,0,0,0
155,0,11,5,0,15,40,0,40,0,0,0,-1,0,1,0,0,1,1,0,2,0,1,1
156,1,-19,-17,15,-10,11,20,7,0,0,1,0,0,0,0,0,0,0,0,0,0,2,0
157,7,-19,-1,-18,-35,19,17,15,0,0,0,1,-1,0,0,-2,-1,2,2,0,0,1,1
158,6,-40,-40,-25,-20,-5,-30,15,0,0,0,2,-1,1,1,0,-1,-2,1,0,0,0,0
159,-5,10,-25,-20,-10,10,10,-15,0,0,0,0,0,0,0,1,1,0,0,0,0,3,1
160,0,10,14,0,-5,40,10,35,0,0,0,-1,1,1,0,1,1,1,-1,1,0,1,3
161,-15,-5,-15,0,-20,-20,-10,15,0,-1,0,0,0,-1,0,1,1,0,0,0,0,1,0
162,11,2,-4,3,0,-7,0,-8,0,1,0,0,0,0,0,0,0,0,0,0,0,1,0
163,-7,3,11,2,-1,10,13,-3,0,0,0,0,0,0,0,0,0,0,0,0,0,2,2
164,-11,29,22,3,-3,-10,-10,-9,0,-1,-1,-1,0,0,0,0,0,0,0,0,0,0,2
165,-9,-8,0,-21,4,23,28,20,0,0,0,0,0,0,-2,0,0,2,2,0,0,2,1
166,0,0,1,0,0,-15,5,-10,0,0,0,0,-1,0,0,0,-1,-2,0,0,0,2,0
167,-5,0,10,15,5,20,20,-5,0,0,0,0,0,0,-1,0,0,0,0,0,0,2,2
168,-22,-7,-4,-34,-11,3,7,-6,0,-1,0,0,0,0,1,0,-1,0,0,0,0,5,0
169,7,-3,-11,-2,1,-10,-13,3,0,0,0,0,0,0,0,0,0,0,0,0,0,3,0
170,-6,-2,-9,31,2,13,13,17,0,0,0,0,0,0,-1,0,0,2,2,0,0,2,0
171,7,16,-4,-2,22,3,5,7,0,0,0,-1,1,0,0,2,1,0,0,0,0,3,0
172,4,40,40,25,30,40,30,20,0,1,0,-2,1,-1,-1,0,1,1,-1,1,0,1,3
173,15,-10,0,0,5,-5,-15,-5,0,1,0,0,-1,0,0,0,-1,0,0,0,0,1,1
174,-10,-2,-2,3,-1,-10,0,-4,0,0,0,0,0,0,0,0,0,0,0,0,0,1,0
175,-16,-9,-5,-13,2,15,5,-4,0,2,0,1,0,0,1,0,-1,0,0,0,0,1,0
176,8,5,-2,3,4,12,10,14,0,0,-1,0,0,0,0,0,0,2,2,0,0,0,3
177,-29,8,8,10,-4,15,12,10,0,-1,0,0,0,0,0,0,0,0,0,0,0,2,1
178,-10,5,5,0,-25,-5,15,-5,0,-1,0,0,0,0,0,1,0,0,-1,0,0,2,1
179,-10,5,5,10,-20,-10,-20,0,0,0,0,0,0,0,0,0,0,0,0,0,0,2,5
180,-42,-26,-3,-26,-26,14,7,0,0,1,0,1,0,0,0,-2,-1,0,0,0,0,1,2
181,1,-14,-14,10,-21,0,-3,2,0,0,0,0,0,0,-1,0,0,0,0,0,0,4,2
182,-5,40,29,7,-5,-12,-6,-10,0,-1,-1,-2,0,0,0,0,0,0,0,0,0,1,0
183,-24,4,-2,-1,19,13,17,13,0,-1,0,0,0,0,-2,0,0,0,0,0,0,1,0
184,-7,18,11,10,13,-22,-14,-13,0,0,0,-1,0,-2,0,0,1,-2,-2,0,0,2,2
185,-10,20,15,0,-20,0,20,0,0,-1,0,0,0,0,0,0,1,0,-1,0,0,3,3
186,5,-10,25,20,10,-10,-10,15,0,0,0,0,0,0,0,-1,-1,0,0,0,0,3,2
187,42,30,3,38,29,-10,-4,8,0,-1,0,-1,0,0,-1,2,1,0,0,0,0,1,1
188,1,-11,-14,3,5,-7,-9,-8,0,0,0,0,0,0,0,0,0,0,0,0,0,4,0
189,11,-29,-22,-3,3,10,10,9,0,1,1,1,0,0,0,0,0,0,0,0,0,2,2
190,-8,-7,-3,2,-20,9,6,8,0,-1,0,1,-1,0,0,-2,-1,0,0,0,0,1,0
191,0,5,10,0,5,0,-35,0,0,0,0,-1,0,1,0,0,0,0,1,0,0,0,0
192,-10,20,-25,15,-5,10,5,5,0,-1,0,-1,0,0,2,0,0,0,0,0,0,1,2
193,21,8,-2,12,4,7,3,4,0,1,0,0,0,0,-1,0,0,0,0,0,0,0,0
194,16,12,5,6,24,-22,-11,-6,0,-2,0,-1,0,0,0,0,1,0,0,0,0,2,0
195,-1,34,22,-13,-12,0,1,6,0,-1,-1,-1,0,0,0,1,0,0,0,0,0,0,0
196,-23,-5,5,-1,17,1,6,-2,0,0,0,0,0,0,-2,0,0,0,0,0,0,2,0
197,0,10,15,0,-5,25,15,25,0,0,0,-1,0,1,0,1,0,-1,-1,1,0,2,3
198,-10,5,10,10,5,10,10,0,0,0,0,0,0,0,0,0,0,0,0,0,0,1,0
199,20,23,-1,4,18,-7,3,2,0,-2,0,-1,0,0,0,2,0,0,0,0,0,0,3
200,-11,-10,-3,1,25,0,-2,3,0,0,0,0,0,0,0,0,0,0,0,0,0,0,0
201,11,-29,-22,-3,3,10,10,9,0,1,1,1,0,0,0,0,0,0,0,0,0,1,1
202,8,6,13,-10,-2,-12,-3,-6,0,1,0,-1,0,-2,0,0,1,0,0,0,0,3,5
203,-10,20,15,0,-20,0,20,0,0,-1,0,0,0,0,0,0,1,0,-1,0,0,0,1
204,-10,5,10,10,5,10,10,0,0,0,0,0,0,0,0,0,0,0,0,0,0,2,2
205,-21,-8,2,-12,-4,-7,-3,-4,0,-1,0,0,0,0,1,0,0,0,0,0,0,1,0
206,7,-3,4,27,9,-17,-9,-15,0,0,0,0,0,0,0,0,0,0,0,0,0,1,2
207,8,5,-2,3,4,12,10,14,0,0,-1,0,0,0,0,0,0,2,2,0,0,0,0
208,7,-18,-11,-10,-13,22,14,13,0,0,0,1,0,2,0,0,-1,2,2,0,0,1,1
209,-20,-25,-5,-10,0,-5,5,-5,0,-1,0,0,0,0,1,0,0,0,0,0,0,1,1
210,0,10,-20,-10,-20,-10,0,0,0,0,0,0,0,0,0,1,1,0,0,0,0,0,1
211,-12,-15,-10,-11,1,-12,-10,0,0,0,0,0,0,0,1,0,0,0,0,0,0,1,0
212,-28,-33,-7,-4,7,23,10,-7,0,2,0,1,0,0,0,2,-1,0,0,0,0,1,0
213,8,9,9,12,6,-3,-3,-8,0,1,0,-1,0,-2,0,-1,0,0,0,0,0,2,1
214,-3,9,26,14,-8,-16,-8,-7,0,0,0,0,0,0,0,0,0,0,0,0,0,0,2
215,4,30,25,25,35,15,15,-5,0,1,0,-1,1,-2,-1,-1,1,2,0,0,0,1,0
216,-10,10,5,10,-15,-15,5,20,0,-1,0,0,1,0,0,0,1,0,0,0,0,1,2
217,2,-9,-8,2,-1,-2,-12,6,0,0,0,0,0,0,0,0,0,0,0,0,0,0,5
218,-6,-8,-3,5,4,3,4,-11,0,0,0,0,0,0,0,0,0,0,0,0,0,1,1
219,-1,19,17,-15,10,-11,-20,-7,0,0,-1,0,0,0,0,0,0,0,0,0,0,1,1
220,4,-18,-19,-14,6,4,-3,-8,0,1,0,0,0,0,0,0,0,0,0,0,0,1,3
221,-10,10,15,0,-15,-10,15,-10,0,-1,0,-1,0,1,0,1,0,0,-1,0,0,1,0
222,15,-10,0,0,5,-5,-15,-5,0,1,0,0,-1,0,0,0,-1,0,0,0,0,0,2
223,23,13,-3,28,24,-19,-19,10,0,-2,0,-1,0,0,0,2,1,0,0,0,0,2,1
224,20,25,5,10,0,5,-5,5,0,1,0,0,0,0,-1,0,0,0,0,0,0,3,0
225,5,0,-10,-15,-5,-20,-20,5,0,0,0,0,0,0,1,0,0,0,0,0,0,1,1
226,-7,-17,11,-27,-14,13,9,-14,0,-1,0,0,0,0,1,0,0,0,0,0,0,1,0
227,-16,-9,-5,-13,2,15,5,-4,0,2,0,1,0,0,1,0,-1,0,0,0,0,1,2
228,2,13,7,10,-14,10,14,6,0,0,0,-1,0,-2,0,0,0,0,0,0,0,1,0
229,29,-8,-8,-10,4,-15,-12,-10,0,1,0,0,0,0,0,0,0,0,0,0,0,3,3
230,10,-10,-15,0,20,5,20,5,0,1,0,1,0,-1,0,-1,0,0,0,0,0,3,0
231,-5,-10,-25,-10,-25,-30,-20,15,0,-1,0,0,0,-1,0,1,1,0,0,0,0,0,1
232,-4,11,-7,12,11,-10,-12,14,0,0,0,0,0,0,0,0,0,0,0,0,0,2,0
233,7,-6,4,34,-17,-10,-3,-5,0,0,0,0,0,0,-1,0,0,0,0,0,0,2,1
234,1,35,28,-11,-6,-10,-6,1,0,0,-1,-1,0,-2,0,0,1,0,0,0,0,1,2
235,23,5,-5,1,-17,-1,-6,2,0,0,0,0,0,0,2,0,0,0,0,0,0,3,0
236,-16,5,20,15,35,10,20,-10,0,0,0,-1,1,-2,0,-1,1,2,0,0,0,1,2
237,15,-5,0,0,10,-10,10,15,0,0,0,0,0,0,0,0,0,0,0,0,0,1,0
238,7,2,-4,-1,6,-3,5,-2,0,1,0,0,0,0,0,0,0,0,0,0,0,1,0
239,28,33,7,4,-7,-23,-10,7,0,-2,0,-1,0,0,0,-2,1,0,0,0,0,0,1
240,-8,-9,-9,-12,-6,3,3,8,0,-1,0,1,0,2,0,1,0,0,0,0,0,2,1
241,-21,14,21,0,-6,3,9,4,0,0,0,-1,0,-2,0,0,1,0,0,0,0,8,2
242,-4,-29,-35,-25,-15,0,-30,20,0,-1,0,1,-1,2,1,0,0,0,1,1,0,3,0
243,15,-15,20,10,30,0,10,15,0,0,0,0,0,0,0,-1,-1,0,0,0,0,1,0
244,7,13,-11,15,11,-17,-12,6,0,1,0,0,0,0,0,0,0,0,0,0,0,2,4
245,-21,-32,-17,13,-34,-5,-8,5,0,0,0,0,0,0,2,1,-1,0,0,0,0,3,3
246,0,-3,-4,6,2,9,0,-2,0,0,0,0,0,0,0,0,-1,0,0,0,0,1,0
247,3,-9,-26,-14,8,16,8,7,0,0,0,0,0,0,0,0,0,0,0,0,0,1,1
248,0,-5,-10,0,-10,5,0,5,0,0,0,1,0,-1,0,0,0,0,0,0,0,4,0
249,-10,5,-15,-5,-40,10,-20,0,0,0,0,0,1,0,0,1,1,0,0,0,0,1,1
250,12,15,10,11,-1,12,10,0,0,0,0,0,0,0,-1,0,0,0,0,0,0,0,1
251,-17,-21,-6,13,3,10,8,2,0,0,0,0,0,0,-1,0,0,0,0,0,0,4,0
252,-8,-12,-13,-6,-4,12,3,6,0,-1,0,1,0,2,0,1,-1,0,0,0,0,0,0
253,20,3,1,-2,-17,-12,-1,5,0,0,0,0,0,0,0,0,0,0,0,0,0,0,0
254,10,-20,-15,0,20,0,-20,0,0,1,0,0,0,0,0,0,-1,0,1,0,0,4,4
255,10,-5,10,15,15,10,30,10,0,0,0,0,0,0,-1,0,0,0,0,0,0,4,0
256,-1,1,-6,-22,-7,10,10,-2,0,0,0,0,0,0,0,0,-1,0,0,0,0,1,0
257,-5,-17,-7,25,-13,-8,-13,8,0,0,0,0,0,0,2,1,0,0,0,0,0,2,1
258,4,-6,-7,-20,-7,12,7,16,0,0,0,1,0,0,0,1,0,0,0,0,0,4,1
259,5,7,10,6,15,-7,-8,-7,0,0,0,0,0,0,0,0,0,0,0,0,0,0,1
260,-10,6,-5,0,-5,10,0,10,0,-1,0,0,0,0,0,0,1,2,0,1,0,2,2
261,-5,5,-5,5,-25,10,0,15,0,0,0,0,1,0,0,1,1,0,0,0,0,1,2
262,3,-10,-2,24,6,-12,-22,8,0,0,0,0,0,0,0,0,1,0,0,0,0,2,2
263,0,-3,0,7,-26,7,6,10,0,0,0,0,0,0,-1,0,0,0,0,0,0,3,1
264,-2,-13,-7,-10,14,-10,-14,-6,0,0,0,1,0,2,0,0,0,0,0,0,0,2,0
265,-23,-5,5,-1,17,1,6,-2,0,0,0,0,0,0,-2,0,0,0,0,0,0,0,2
266,-1,-35,-28,11,6,10,6,-1,0,0,1,1,0,2,0,0,-1,0,0,0,0,2,1
267,24,-4,2,1,-19,-13,-17,-13,0,1,0,0,0,0,2,0,0,0,0,0,0,3,1
268,-20,-10,5,-10,5,0,10,0,0,-1,0,0,0,0,1,-1,1,0,0,0,0,1,1
269,5,10,25,10,25,30,20,-15,0,1,0,0,0,1,0,-1,-1,0,0,0,0,4,1
270,-8,-11,-10,5,-2,-12,-12,2,0,0,0,0,0,0,0,0,0,0,0,0,0,1,3
271,10,4,7,24,-1,7,5,2,0,0,0,0,0,0,-1,0,1,0,0,0,0,1,6
272,-1,-35,-28,11,6,10,6,-1,0,0,1,1,0,2,0,0,-1,0,0,0,0,0,0
273,5,-4,-10,-11,23,-2,5,3,0,0,0,0,0,0,-2,0,0,0,0,0,0,1,0
274,12,-11,-10,-7,11,-20,-20,10,0,0,0,1,0,2,0,0,1,0,0,0,0,3,2
275,9,8,0,21,-4,-23,-28,-20,0,0,0,0,0,0,2,0,0,-2,-2,0,0,2,2
276,4,15,15,25,30,10,10,-10,0,1,0,-1,1,-2,-1,0,0,2,0,0,0,2,1
277,-10,5,10,10,5,10,10,0,0,0,0,0,0,0,0,0,0,0,0,0,0,0,1
278,-23,-13,3,-28,-24,19,19,-10,0,2,0,1,0,0,0,-2,-1,0,0,0,0,3,3
279,17,21,6,-13,-3,-10,-8,-2,0,0,0,0,0,0,1,0,0,0,0,0,0,2,3
280,-4,6,7,20,7,-12,-7,-16,0,0,0,-1,0,0,0,-1,0,0,0,0,0,1,1
281,0,-11,-20,-17,8,5,13,10,0,0,0,0,0,0,-2,0,0,0,0,0,0,2,1
282,0,0,0,0,-5,5,-35,5,0,0,0,0,0,0,0,0,0,0,1,0,0,1,3
283,5,10,25,10,25,30,20,-15,0,1,0,0,0,1,0,-1,-1,0,0,0,0,5,0
284,-7,-7,-2,1,0,-1,1,-15,0,0,0,0,0,0,0,0,0,0,0,0,0,2,1
285,33,30,11,0,-5,-25,-13,2,0,-2,0,-1,0,0,0,0,1,0,0,0,0,0,0
286,8,9,9,12,6,-3,-3,-8,0,1,0,-1,0,-2,0,-1,0,0,0,0,0,0,0
287,19,-10,-2,-17,-4,-16,-3,2,0,0,0,0,0,0,0,0,0,0,0,0,0,1,0
288,10,-10,-14,0,20,-10,25,-5,0,1,0,1,-1,-1,0,-1,-1,-2,0,0,0,0,0
289,-15,10,15,25,-10,5,25,15,0,-1,0,0,1,0,-1,0,1,0,0,0,0,1,1
290,13,8,-6,17,-7,2,-4,18,0,0,0,0,0,0,-1,0,0,0,0,0,0,1,0
291,-22,-28,-9,-15,6,1,0,-5,0,0,0,0,0,0,0,2,-1,0,0,0,0,1,1
292,-2,18,22,-33,-19,16,11,-4,0,0,-1,-1,0,1,1,0,0,0,0,0,0,3,4
293,21,-15,-11,-8,-16,-6,-6,-2,0,0,0,1,-1,0,0,-2,-1,0,0,0,0,2,3
294,0,-15,0,0,-5,0,10,0,0,0,0,1,0,0,0,1,0,0,-1,0,0,1,0
295,-5,5,-5,5,-25,10,0,15,0,0,0,0,1,0,0,1,1,0,0,0,0,1,3
296,13,-7,1,-11,-15,12,10,2,0,0,0,0,0,0,0,0,0,0,0,0,0,2,2
297,-24,-15,-10,-21,20,20,11,7,0,0,0,0,0,0,0,0,0,0,0,0,0,1,3
298,-14,-7,-7,28,-2,1,3,3,0,0,1,0,0,0,-1,0,0,0,0,0,0,3,1
299,-15,34,34,21,-4,0,3,0,0,0,0,-1,0,-2,0,0,1,0,0,0,0,2,5
300,0,1,-9,0,20,0,-10,5,0,0,0,0,-1,0,0,-1,0,0,1,1,0,8,0
301,10,-5,-5,-10,20,10,20,0,0,0,0,0,0,0,0,0,0,0,0,0,0,4,0
302,-4,6,-6,-20,-8,1,9,9,0,0,0,0,0,0,0,0,-1,0,0,0,0,1,0
303,-10,-28,-4,25,-14,10,11,-5,0,0,0,0,0,0,2,1,-1,0,0,0,0,0,1
304,5,16,16,-15,3,-33,-36,-5,0,0,0,0,0,0,0,0,1,-2,-2,0,0,1,1
305,-16,22,21,14,31,-1,-2,-5,0,0,0,-1,1,0,0,2,1,0,0,0,0,1,0
306,10,-6,5,0,5,-10,0,-10,0,1,0,0,0,0,0,0,-1,-2,0,-1,0,1,3
307,-10,-10,-30,-20,-15,-10,-10,0,0,-1,0,0,0,-1,0,1,1,0,0,0,0,2,2
308,-2,9,8,-2,1,2,12,-6,0,0,0,0,0,0,0,0,0,0,0,0,0,3,2
309,8,5,1,-27,35,8,8,-3,0,0,0,0,0,0,-2,-1,0,0,0,0,0,3,0
310,-6,4,-2,-2,-20,13,17,14,0,-1,0,0,0,0,0,1,0,0,0,0,0,1,2
311,23,-6,-25,-16,-9,4,7,12,0,0,0,0,0,0,0,0,0,0,0,0,0,3,0
312,4,25,40,25,30,40,30,20,0,1,0,-1,1,-1,-1,0,1,1,-1,1,0,1,1
313,5,-20,-30,-20,-10,-15,-25,-5,0,0,0,0,-1,-1,0,1,0,0,0,0,0,0,2
314,20,6,-10,4,-4,-5,-2,8,0,1,0,0,0,0,0,0,0,0,0,0,0,0,1
315,7,-6,4,34,-17,-10,-3,-5,0,0,0,0,0,0,-1,0,0,0,0,0,0,2,1
316,8,12,13,6,4,-12,-3,-6,0,1,0,-1,0,-2,0,-1,1,0,0,0,0,2,1
317,7,-19,-1,-18,-35,19,17,15,0,0,0,1,-1,0,0,-2,-1,2,2,0,0,2,0
318,10,-10,10,0,20,30,0,30,0,1,0,0,0,1,0,0,0,-1,0,1,0,0,0
319,15,-10,0,0,5,-5,-15,-5,0,1,0,0,-1,0,0,0,-1,0,0,0,0,2,2
320,-1,2,-8,4,-5,-8,-2,12,0,0,0,0,0,0,0,0,0,0,0,0,0,2,1
321,3,20,9,-3,-26,-3,1,6,0,0,0,0,0,0,0,0,0,0,0,0,0,2,2
322,-5,-30,-24,11,-8,13,16,8,0,0,1,1,0,0,0,0,0,0,0,0,0,3,3
323,14,4,-10,10,19,-25,-23,-17,0,0,0,0,0,0,0,0,0,-2,-2,0,0,0,1
324,20,25,5,10,0,5,-5,5,0,1,0,0,0,0,-1,0,0,0,0,0,0,2,2
325,-6,-19,2,8,0,4,-24,2,0,0,0,0,0,0,-1,0,0,0,-2,1,0,2,1
326,-10,-2,-2,3,-1,-10,0,-4,0,0,0,0,0,0,0,0,0,0,0,0,0,2,0
327,11,4,13,12,20,15,19,-10,0,0,0,0,0,0,0,0,0,0,0,0,0,3,1
328,1,35,28,-11,-6,-10,-6,1,0,0,-1,-1,0,-2,0,0,1,0,0,0,0,0,1
329,-4,-24,-32,-4,8,16,0,-2,0,0,0,1,0,2,0,0,-1,0,0,0,0,2,1
330,0,0,-1,0,0,15,-5,10,0,0,0,0,1,0,0,0,1,2,0,0,0,2,0
331,-5,-10,-25,-10,-25,-30,-20,15,0,-1,0,0,0,-1,0,1,1,0,0,0,0,0,1
332,7,7,2,-1,0,1,-1,15,0,0,0,0,0,0,0,0,0,0,0,0,0,3,1
333,8,5,-2,3,4,12,10,14,0,0,-1,0,0,0,0,0,0,2,2,0,0,2,2
334,16,-10,-11,11,-17,-1,-14,-7,0,0,0,1,0,2,2,0,-1,0,0,0,0,0,0
335,-10,10,14,0,-20,10,-25,5,0,-1,0,-1,1,1,0,1,1,2,0,0,0,0,3
336,-16,-14,12,18,5,14,-14,2,0,0,0,0,0,0,-1,0,0,0,-2,1,0,1,2
337,11,-4,9,-13,-11,11,11,1,0,0,0,0,0,0,0,0,0,0,0,0,0,4,2
338,9,15,1,-21,15,-5,-2,9,0,-2,0,-1,0,0,0,0,1,0,0,0,0,0,2
339,1,-14,-7,-16,-5,20,23,-12,0,0,0,0,0,0,1,0,-1,0,0,0,0,2,3
340,-16,11,1,-3,39,4,11,5,0,0,0,-1,1,0,-2,2,1,0,0,0,0,2,0
341,-6,-20,-13,-21,-2,3,6,4,0,0,0,0,0,0,0,0,0,0,0,0,0,1,0
342,-8,-13,8,4,-13,-12,-12,-2,0,0,0,0,0,0,0,0,0,0,0,0,0,3,1
343,-24,-17,-5,-24,-26,8,6,7,0,2,0,1,0,0,0,-2,-1,0,0,0,0,4,1
344,20,24,15,10,-20,-10,10,-10,0,1,0,0,0,0,-1,1,-1,-2,-1,-1,0,1,2
345,-8,-13,-12,-11,-33,8,-12,-2,0,0,0,0,1,0,0,1,1,0,0,0,0,2,1
346,21,8,-2,12,4,7,3,4,0,1,0,0,0,0,-1,0,0,0,0,0,0,0,1
347,-11,-25,-10,30,-9,-5,-9,-3,0,0,0,0,0,0,2,1,0,0,0,0,0,2,1
348,-13,25,17,23,-6,0,-3,2,0,0,0,-1,0,-2,-1,0,0,0,0,0,0,1,2
349,-8,18,20,11,12,1,-18,8,0,0,1,0,0,0,0,2,0,0,0,0,0,0,2
350,10,-11,-5,0,0,-10,35,-10,0,1,0,1,0,-1,0,0,-1,-2,-1,-1,0,1,1
351,-11,-14,17,28,-5,-6,-24,17,0,0,0,0,0,0,-1,0,0,0,-2,1,0,0,0
352,23,13,-3,28,24,-19,-19,10,0,-2,0,-1,0,0,0,2,1,0,0,0,0,0,1
353,-7,3,-4,-27,-9,17,9,15,0,0,0,0,0,0,0,0,0,0,0,0,0,2,2
354,-20,-18,-14,24,0,3,-1,4,0,0,1,1,0,0,-1,0,0,0,0,0,0,3,0
355,0,11,20,17,-8,-5,-13,-10,0,0,0,0,0,0,2,0,0,0,0,0,0,1,0
356,-16,-9,-5,-13,2,15,5,-4,0,2,0,1,0,0,1,0,-1,0,0,0,0,1,1
357,20,3,1,-2,-17,-12,-1,5,0,0,0,0,0,0,0,0,0,0,0,0,0,6,1
358,0,-5,-10,0,-5,0,35,0,0,0,0,1,0,-1,0,0,0,0,-1,0,0,1,0
359,1,19,-12,-18,-15,-4,4,-17,0,0,0,0,0,0,1,0,0,0,2,-1,0,2,4
360,4,4,0,16,-3,0,-2,2,0,0,0,0,0,0,-1,0,0,0,0,0,0,0,0
361,0,-3,0,7,-26,7,6,10,0,0,0,0,0,0,-1,0,0,0,0,0,0,0,1
362,-1,34,22,-13,-12,0,1,6,0,-1,-1,-1,0,0,0,1,0,0,0,0,0,1,2
363,-14,3,5,20,13,-22,-22,-22,0,0,0,0,0,0,0,0,0,-2,-2,0,0,1,3
364,4,-6,6,20,8,-1,-9,-9,0,0,0,0,0,0,0,0,1,0,0,0,0,0,2
365,13,21,14,-12,7,-21,-26,9,0,0,-1,0,0,0,0,0,1,0,0,0,0,1,1
366,24,-4,2,1,-19,-13,-17,-13,0,1,0,0,0,0,2,0,0,0,0,0,0,2,1
367,-22,-20,-13,-22,-30,9,5,8,0,2,0,1,0,0,0,-2,-1,0,0,0,0,6,1
368,18,22,14,-3,18,-12,0,-12,0,0,0,0,0,0,-2,-1,0,0,0,0,0,1,1
369,25,-22,-15,-31,5,9,7,6,0,1,0,1,0,0,1,0,0,0,0,0,0,1,2
370,0,-1,10,-8,-22,-3,3,2,0,0,0,0,-1,-2,0,-2,0,0,0,0,0,1,1
371,0,-4,5,0,15,40,0,40,0,0,0,0,0,1,0,0,1,1,0,2,0,4,1
372,15,-10,-20,-15,-15,15,-15,-5,0,1,0,0,0,0,0,1,0,0,0,0,0,1,2
373,9,4,-6,1,-4,2,-2,16,0,0,0,0,0,0,0,0,0,0,0,0,0,3,1
374,16,15,10,12,21,-3,-5,3,0,0,0,0,0,0,0,0,1,0,0,0,0,1,2
375,-1,-32,-24,5,4,1,6,1,0,0,1,1,0,2,0,0,0,0,0,0,0,3,0
376,0,-2,3,0,-29,21,35,5,0,0,-1,0,0,0,0,-2,0,2,2,0,0,2,2
377,-10,11,5,0,0,10,-35,10,0,-1,0,-1,0,1,0,0,1,2,1,1,0,1,0
378,11,14,-17,-28,5,6,24,-17,0,0,0,0,0,0,1,0,0,0,2,-1,0,1,0
379,14,-9,9,-15,-10,20,12,-10,0,0,0,0,0,0,0,0,0,0,0,0,0,2,3
380,19,18,6,25,-22,-18,-8,-2,0,0,0,0,0,0,0,-2,0,0,0,0,0,2,2
381,-8,16,13,-2,-17,29,24,13,0,0,-1,-1,0,1,0,0,0,2,2,0,0,3,3
382,-4,-24,-32,-4,8,16,0,-2,0,0,0,1,0,2,0,0,-1,0,0,0,0,1,3
383,0,0,0,0,5,-5,35,-5,0,0,0,0,0,0,0,0,0,0,-1,0,0,0,1
384,15,-10,0,0,5,-5,-15,-5,0,1,0,0,-1,0,0,0,-1,0,0,0,0,2,0
385,2,-9,-8,2,-1,-2,-12,6,0,0,0,0,0,0,0,0,0,0,0,0,0,1,3
386,-6,-15,21,7,15,-5,-11,-6,0,0,0,0,0,1,0,2,0,0,-2,0,0,0,0
387,19,-24,-24,0,7,22,20,23,0,1,0,1,0,0,0,0,0,2,2,0,0,4,0
388,-21,14,21,0,-6,3,9,4,0,0,0,-1,0,-2,0,0,1,0,0,0,0,1,0
389,-10,10,15,0,-15,-10,15,-10,0,-1,0,-1,0,1,0,1,0,0,-1,0,0,1,0
390,23,3,-8,-4,18,7,-3,-3,0,1,0,0,-1,0,0,0,-1,0,0,0,0,2,0
391,-4,-4,0,-16,3,0,2,-2,0,0,0,0,0,0,1,0,0,0,0,0,0,3,3
392,6,-7,-4,24,-38,-8,-11,5,0,0,0,0,0,0,2,1,0,0,0,0,0,0,0
393,20,-2,-1,5,17,-23,-23,2,0,1,0,0,0,0,0,-1,1,0,0,0,0,3,1
394,10,-20,-15,0,20,0,-20,0,0,1,0,0,0,0,0,0,-1,0,1,0,0,0,1
395,-13,-13,3,-6,-3,8,-2,-17,0,0,0,0,0,0,0,0,0,0,0,0,0,2,3
396,7,17,-11,27,14,-13,-9,14,0,1,0,0,0,0,-1,0,0,0,0,0,0,3,4
397,-28,-33,-7,-4,7,23,10,-7,0,2,0,1,0,0,0,2,-1,0,0,0,0,1,1
398,-14,-16,-5,-7,-2,-10,-14,-13,0,0,1,1,0,0,0,0,0,-2,-2,0,0,2,0
399,-7,17,4,18,6,2,18,-10,0,0,-1,-1,1,0,0,0,1,0,0,0,0,1,1
400,17,21,6,-13,-3,-10,-8,-2,0,0,0,0,0,0,1,0,0,0,0,0,0,0,3
401,6,-30,-26,-1,16,3,7,-2,0,1,0,1,0,-1,0,-1,0,0,0,0,0,2,1
402,-9,-8,0,-21,4,23,28,20,0,0,0,0,0,0,-2,0,0,2,2,0,0,4,1
403,-5,20,30,20,10,15,25,5,0,0,0,0,1,1,0,-1,0,0,0,0,0,6,3
404,-4,-30,-26,-25,-35,0,-20,15,0,-1,0,1,0,2,1,1,0,0,0,0,0,0,0
405,-20,-5,-25,-10,-35,-20,-30,0,0,-1,0,0,0,-1,0,1,1,0,0,0,0,2,4
406,24,12,-25,-6,9,-1,23,-1,0,1,0,0,0,-1,0,0,0,0,2,0,0,0,1
407,1,-4,-8,28,-40,-6,-8,10,0,0,0,0,0,0,2,-1,0,0,0,0,0,0,1
408,-12,-3,-2,8,1,-9,-4,-8,0,-1,0,0,0,2,0,0,0,0,0,0,0,2,1
409,1,-9,7,0,-2,-12,-11,-15,0,1,0,0,0,0,0,0,0,0,0,0,0,2,1
410,8,13,7,21,8,12,22,12,0,0,0,0,0,0,-1,0,0,0,0,0,0,2,1
411,2,9,-29,-28,1,6,33,1,0,0,0,0,0,-1,0,0,-1,0,2,0,0,1,0
412,24,15,10,21,-20,-20,-11,-7,0,0,0,0,0,0,0,0,0,0,0,0,0,0,1
413,-7,30,30,-14,-10,-22,-16,-13,0,0,0,-1,0,-2,0,0,1,-2,-2,0,0,1,3
414,-29,8,8,10,-4,15,12,10,0,-1,0,0,0,0,0,0,0,0,0,0,0,0,0
415,-3,-18,-7,-16,-8,-2,-12,-17,0,0,0,0,0,0,0,0,0,0,0,0,0,1,1
416,-13,7,-1,11,15,-12,-10,-2,0,0,0,0,0,0,0,0,0,0,0,0,0,0,3
417,-20,-3,-1,2,17,12,1,-5,0,0,0,0,0,0,0,0,0,0,0,0,0,0,1
418,4,29,35,25,15,0,30,-20,0,1,0,-1,1,-2,-1,0,0,0,-1,-1,0,1,2
419,0,0,0,0,-5,5,-35,5,0,0,0,0,0,0,0,0,0,0,1,0,0,1,4
420,25,-15,-5,-10,25,5,5,-5,0,1,0,0,-1,0,0,0,-1,0,0,0,0,2,0
421,14,-9,9,-15,-10,20,12,-10,0,0,0,0,0,0,0,0,0,0,0,0,0,3,1
422,-24,-15,-10,-21,20,20,11,7,0,0,0,0,0,0,0,0,0,0,0,0,0,2,2
423,13,21,14,-12,7,-21,-26,9,0,0,-1,0,0,0,0,0,1,0,0,0,0,2,2
424,23,5,-5,1,-17,-1,-6,2,0,0,0,0,0,0,2,0,0,0,0,0,0,4,0
425,-7,16,14,10,-16,-1,21,-8,0,0,-1,-1,0,-2,0,-2,1,0,0,0,0,2,2
426,-4,-40,-40,-25,-30,-35,-20,-10,0,-1,0,2,-1,1,1,0,-1,-2,0,0,0,2,0
427,-5,0,10,15,5,20,20,-5,0,0,0,0,0,0,-1,0,0,0,0,0,0,2,1
428,1,-7,-16,6,-6,-10,-14,18,0,0,0,0,0,0,0,0,0,0,0,0,0,0,3
429,-10,-7,-7,-17,-25,0,1,8,0,0,0,0,0,0,0,0,-1,0,0,0,0,0,1
430,12,6,6,-14,-3,0,4,10,0,1,0,0,0,-2,0,0,1,0,0,0,0,5,1
431,-14,-4,10,-10,-19,25,23,17,0,0,0,0,0,0,0,0,0,2,2,0,0,2,2
432,-4,-15,-15,-25,-30,-10,-10,10,0,-1,0,1,-1,2,1,0,0,-2,0,0,0,0,0
433,7,-4,-14,22,3,7,22,27,0,0,0,0,0,-1,-1,0,0,0,0,1,0,2,3
434,-12,-15,-10,-11,1,-12,-10,0,0,0,0,0,0,0,1,0,0,0,0,0,0,2,3
435,-21,-32,-17,13,-34,-5,-8,5,0,0,0,0,0,0,2,1,-1,0,0,0,0,2,2
436,-1,-35,-28,11,6,10,6,-1,0,0,1,1,0,2,0,0,-1,0,0,0,0,4,1
437,24,-4,2,1,-19,-13,-17,-13,0,1,0,0,0,0,2,0,0,0,0,0,0,1,0
438,0,25,25,0,0,25,10,20,0,0,0,-1,0,1,0,0,1,0,0,0,0,0,2
439,-10,5,-15,-5,-40,10,-20,0,0,0,0,0,1,0,0,1,1,0,0,0,0,1,3
440,1,-1,6,22,7,-10,-10,2,0,0,0,0,0,0,0,0,1,0,0,0,0,0,3
441,8,-6,10,22,4,-2,11,-17,0,0,0,0,0,0,0,0,-1,0,0,0,0,0,3
442,14,28,25,6,1,-26,-30,4,0,0,0,-1,0,1,0,0,1,0,0,0,0,0,1
443,23,-6,-25,-16,-9,4,7,12,0,0,0,0,0,0,0,0,0,0,0,0,0,2,1
444,-4,-25,-22,-12,-14,13,3,0,0,0,0,1,-1,0,0,-2,-1,0,0,0,0,4,0
445,0,1,-9,0,20,0,-10,5,0,0,0,0,-1,0,0,-1,0,0,1,1,0,2,1
446,-2,-1,14,-17,-3,3,-12,-32,0,0,0,0,0,1,0,0,0,0,0,-1,0,3,1
447,14,6,2,13,-2,10,-2,6,0,0,0,0,0,0,-1,0,0,0,0,0,0,1,0
448,17,18,6,-6,-29,-3,-2,8,0,0,0,0,0,0,0,0,0,0,0,0,0,1,0
449,-25,22,15,31,-5,-9,-7,-6,0,-1,0,-1,0,0,-1,0,0,0,0,0,0,0,3
450,-18,-16,-8,-19,5,11,11,8,0,0,0,1,0,-1,1,0,0,0,0,0,0,0,0
451,4,30,26,25,35,0,20,-15,0,1,0,-1,0,-2,-1,-1,0,0,0,0,0,6,0
452,20,5,25,10,35,20,30,0,0,1,0,0,0,1,0,-1,-1,0,0,0,0,5,0
453,-20,-23,1,-4,-18,7,-3,-2,0,2,0,1,0,0,0,-2,0,0,0,0,0,1,1
454,6,6,23,5,-16,-6,-10,7,0,0,0,0,0,1,0,0,0,0,-2,0,0,1,0
455,-9,14,19,-18,6,-23,-30,-21,0,0,0,0,0,0,0,0,0,-2,-2,0,0,1,3
456,-25,-10,-11,-4,2,19,9,2,0,0,0,0,0,0,0,0,0,0,0,0,0,4,1
457,10,-11,-5,0,0,-10,35,-10,0,1,0,1,0,-1,0,0,-1,-2,-1,-1,0,1,2
458,-15,10,15,25,-10,5,25,15,0,-1,0,0,1,0,-1,0,1,0,0,0,0,3,0
459,-2,3,-14,-18,-12,2,8,10,0,0,0,0,0,0,0,0,-1,0,0,0,0,4,1
460,-11,-12,17,11,13,-3,-8,-1,0,0,0,0,0,1,0,0,0,0,-2,0,0,1,0
461,12,3,2,-8,-1,9,4,8,0,1,0,0,0,-2,0,0,0,0,0,0,0,3,2
462,0,11,20,17,-8,-5,-13,-10,0,0,0,0,0,0,2,0,0,0,0,0,0,0,1
463,0,4,-5,0,-15,-40,0,-40,0,0,0,0,0,-1,0,0,-1,-1,0,-2,0,0,0
464,5,-5,5,-5,25,-10,0,-15,0,0,0,0,-1,0,0,-1,-1,0,0,0,0,1,2
465,10,2,2,-3,1,10,0,4,0,0,0,0,0,0,0,0,0,0,0,0,0,2,0
466,16,13,30,22,9,-6,-11,-1,0,0,0,0,0,1,0,0,1,0,-2,0,0,0,2
467,4,-6,-7,-20,-7,12,7,16,0,0,0,1,0,0,0,1,0,0,0,0,0,0,2
468,9,6,3,21,-33,-2,7,-15,0,0,-1,0,0,0,2,-2,0,0,0,0,0,2,0
469,20,35,20,10,-5,25,0,20,0,1,0,-1,0,1,-1,1,0,0,0,0,0,3,3
470,-10,-10,-15,5,-20,-10,0,10,0,-1,0,0,0,-1,-1,1,1,0,0,0,0,2,3
471,-21,-8,2,-12,-4,-7,-3,-4,0,-1,0,0,0,0,1,0,0,0,0,0,0,0,1
472,0,2,-20,-10,12,3,6,4,0,0,0,0,0,-1,0,0,0,0,2,0,0,2,2
473,1,-14,-7,-16,-5,20,23,-12,0,0,0,0,0,0,1,0,-1,0,0,0,0,1,1
474,-24,4,-2,-1,19,13,17,13,0,-1,0,0,0,0,-2,0,0,0,0,0,0,1,0
475,0,-25,-25,0,0,-25,-10,-20,0,0,0,1,0,-1,0,0,-1,0,0,0,0,2,0
476,-20,15,15,20,-10,-5,15,20,0,-1,0,0,1,0,0,0,1,0,0,0,0,1,3
477,15,-12,2,-20,-15,10,11,7,0,1,0,0,0,0,0,0,0,2,2,0,0,2,0
478,-20,-20,-20,-10,5,-30,-10,-30,0,-1,0,0,0,-1,1,-1,0,1,1,-1,0,0,1
479,5,20,5,0,5,20,20,-15,0,1,0,0,0,1,0,0,0,0,0,0,0,4,1
480,22,3,4,22,8,-7,-10,-2,0,1,0,0,0,0,0,0,1,0,0,0,0,3,2
481,-5,-9,-17,-10,11,21,30,-9,0,0,0,0,0,-1,0,0,-1,0,2,0,0,2,0
482,-11,29,22,3,-3,-10,-10,-9,0,-1,-1,-1,0,0,0,0,0,0,0,0,0,1,3
483,5,-22,-33,-35,-4,15,18,20,0,0,0,1,0,-1,1,0,0,0,0,0,0,3,1
484,10,-5,-5,0,25,5,-15,5,0,1,0,0,0,0,0,-1,0,0,1,0,0,3,1
485,-10,15,-10,0,-15,0,10,0,0,0,0,0,0,0,0,1,1,0,0,0,0,1,2
486,-5,1,31,4,-7,6,-11,-9,0,0,0,0,0,1,0,0,0,0,-2,0,0,1,4
487,-1,0,-6,12,-21,-8,-14,12,0,0,0,0,0,0,-1,0,1,0,0,0,0,1,1
488,5,30,24,-11,8,-13,-16,-8,0,0,-1,-1,0,0,0,0,0,0,0,0,0,0,2
489,8,7,3,-2,20,-9,-6,-8,0,1,0,-1,1,0,0,2,1,0,0,0,0,2,1
490,4,40,40,25,30,35,20,10,0,1,0,-2,1,-1,-1,0,1,2,0,0,0,0,2
491,2,-18,3,-6,7,-2,8,-2,0,0,0,0,0,0,0,0,0,0,0,0,0,2,0
492,-18,-14,-28,-32,-17,13,30,-1,0,2,0,1,0,-1,0,-2,-1,0,2,0,0,2,1
493,8,14,10,-2,-15,6,7,12,0,0,0,0,0,0,0,0,0,0,0,0,0,1,3
494,24,-8,-8,-15,10,-11,-16,18,0,1,0,1,0,0,0,0,1,0,0,0,0,2,1
495,5,-37,-44,-13,-1,-12,-18,-6,0,0,1,2,0,1,0,0,-1,0,0,0,0,3,0
496,10,0,0,0,10,30,-10,25,0,1,0,0,0,0,0,0,0,0,1,0,0,1,3
497,5,20,5,0,5,20,20,-15,0,1,0,0,0,1,0,0,0,0,0,0,0,1,0
498,0,15,-7,28,8,-10,-14,16,0,0,0,0,0,0,-1,0,0,0,0,0,0,1,2
499,-6,-9,-23,2,-10,13,16,3,0,0,0,0,0,-1,-1,0,0,0,2,0,0,1,0
500,-1,19,17,-15,10,-11,-20,-7,0,0,-1,0,0,0,0,0,0,0,0,0,0,1,1
501,21,-14,-21,0,6,-3,-9,-4,0,0,0,1,0,2,0,0,-1,0,0,0,0,1,2
502,0,4,-5,0,-15,-40,0,-40,0,0,0,0,0,-1,0,0,-1,-1,0,-2,0,1,1
503,-7,4,29,3,-8,-7,-12,-17,0,0,0,0,0,1,0,0,0,0,0,-1,0,3,1
504,-19,-14,12,-2,-8,9,0,6,0,-1,0,0,0,0,0,0,0,0,0,0,0,1,1
505,11,4,13,12,20,15,19,-10,0,0,0,0,0,0,0,0,0,0,0,0,0,0,3
506,-7,23,15,-17,-10,2,-3,7,0,-1,-1,0,0,0,0,1,0,0,0,0,0,0,0
507,7,-16,-14,-10,16,1,-21,8,0,0,1,1,0,2,0,2,-1,0,0,0,0,1,0
508,-11,-12,17,11,13,-3,-8,-1,0,0,0,0,0,1,0,0,0,0,-2,0,0,0,1
509,-16,22,21,14,31,-1,-2,-5,0,0,0,-1,1,0,0,2,1,0,0,0,0,1,4
510,-7,-2,4,1,-6,3,-5,2,0,-1,0,0,0,0,0,0,0,0,0,0,0,0,0
511,-22,-28,-9,-15,6,1,0,-5,0,0,0,0,0,0,0,2,-1,0,0,0,0,1,0
512,1,-14,-7,-16,-5,20,23,-12,0,0,0,0,0,0,1,0,-1,0,0,0,0,1,2
513,2,21,30,3,17,13,-3,14,0,0,0,-1,0,1,0,2,0,0,0,0,0,1,0
514,20,10,-5,10,-5,0,-10,0,0,1,0,0,0,0,-1,1,-1,0,0,0,0,3,0
515,0,10,-20,-10,-20,-10,0,0,0,0,0,0,0,0,0,1,1,0,0,0,0,1,1
516,35,28,7,39,23,-7,-9,10,0,-2,0,-1,0,0,-1,2,1,0,0,0,0,2,2
517,-16,-13,-30,-22,-9,6,11,1,0,0,0,0,0,-1,0,0,-1,0,2,0,0,3,0
518,9,6,3,21,-33,-2,7,-15,0,0,-1,0,0,0,2,-2,0,0,0,0,0,3,0
519,-23,42,38,18,-3,3,9,-4,0,-1,-1,-2,0,1,0,0,0,0,0,0,0,0,1
520,9,21,25,15,20,-14,-31,-3,0,0,1,-1,0,1,-1,2,0,0,0,0,0,1,3
521,20,3,1,-2,-17,-12,-1,5,0,0,0,0,0,0,0,0,0,0,0,0,0,0,0
522,0,-5,-15,0,0,-20,-15,-25,0,0,0,0,0,-1,0,0,0,0,1,-1,0,2,2
523,-8,-13,-12,-11,-33,8,-12,-2,0,0,0,0,1,0,0,1,1,0,0,0,0,1,1
524,-15,10,15,25,-10,5,25,15,0,-1,0,0,1,0,-1,0,1,0,0,0,0,2,2
525,-15,-5,-8,-35,-5,0,12,-8,0,0,0,0,0,0,1,0,-1,0,0,0,0,3,1
526,11,28,10,-37,35,-2,3,-7,0,0,0,0,0,0,-1,-1,0,0,0,0,0,1,1
527,5,4,-4,-14,4,3,8,4,0,0,-1,0,0,-1,0,0,0,0,0,0,0,0,0
528,16,-22,-21,-14,-31,1,2,5,0,0,0,1,-1,0,0,-2,-1,0,0,0,0,3,2
529,4,25,40,25,30,40,30,20,0,1,0,-1,1,-1,-1,0,1,1,-1,1,0,2,0
530,-10,-10,-15,5,-20,-10,0,10,0,-1,0,0,0,-1,-1,1,1,0,0,0,0,1,1
531,-1,2,-8,4,-5,-8,-2,12,0,0,0,0,0,0,0,0,0,0,0,0,0,0,1
532,18,22,14,-3,18,-12,0,-12,0,0,0,0,0,0,-2,-1,0,0,0,0,0,0,1
533,-5,40,29,7,-5,-12,-6,-10,0,-1,-1,-2,0,0,0,0,0,0,0,0,0,0,2
534,-7,0,5,-12,-3,27,28,17,0,0,-1,0,0,0,1,0,0,0,0,0,0,2,3
535,4,30,25,25,35,15,15,-5,0,1,0,-1,1,-2,-1,-1,1,2,0,0,0,0,2
536,10,-10,-5,-10,15,15,-5,-20,0,1,0,0,-1,0,0,0,-1,0,0,0,0,5,0
537,0,0,1,0,0,-15,5,-10,0,0,0,0,-1,0,0,0,-1,-2,0,0,0,1,1
538,-7,4,14,-22,-3,-7,-22,-27,0,0,0,0,0,1,1,0,0,0,0,-1,0,0,1
539,19,18,-12,14,11,-5,3,2,0,1,0,0,0,0,-1,0,0,0,0,0,0,2,0
540,17,18,6,-6,-29,-3,-2,8,0,0,0,0,0,0,0,0,0,0,0,0,0,1,2
541,-10,10,5,18,-13,1,10,-2,0,-1,0,-1,0,0,0,0,0,0,0,0,0,0,0
542,-16,-23,-23,-13,-7,-9,-9,-2,0,0,1,1,0,-1,0,0,0,0,0,0,0,3,1
543,10,-5,-4,0,25,-10,-10,-5,0,1,0,0,-1,0,0,-1,-1,-2,1,0,0,1,0
544,12,1,-1,-13,-3,8,12,-12,0,0,0,0,0,0,0,0,0,0,0,0,0,1,1
545,22,18,28,11,8,-28,-21,1,0,-2,0,-1,0,1,0,0,1,0,-2,0,0,1,2
546,-24,8,8,15,-10,11,16,-18,0,-1,0,-1,0,0,0,0,-1,0,0,0,0,0,2
547,16,-10,-11,11,-17,-1,-14,-7,0,0,0,1,0,2,2,0,-1,0,0,0,0,2,0
548,-20,-25,-5,-10,0,-5,5,-5,0,-1,0,0,0,0,1,0,0,0,0,0,0,2,1
549,10,-15,10,0,15,0,-10,0,0,0,0,0,0,0,0,-1,-1,0,0,0,0,2,0
550,4,6,-15,-10,13,4,25,-9,0,0,0,0,0,-1,0,0,0,0,2,0,0,1,0
551,-15,-11,-14,-25,6,11,2,3,0,0,0,0,0,0,0,0,0,0,0,0,0,2,0
552,-11,45,40,10,-4,12,13,4,0,0,-1,-2,0,-1,0,0,0,0,0,0,0,1,0
553,15,-10,-1,-20,14,-11,-24,2,0,1,1,0,0,0,0,2,0,0,0,0,0,1,1
554,-10,11,5,0,5,5,0,5,0,-1,0,-1,0,1,0,0,1,2,0,1,0,0,4
555,-29,12,-16,3,-15,-21,11,1,0,0,0,0,0,0,-1,1,1,-2,0,0,0,0,0
556,-24,4,-2,-1,19,13,17,13,0,-1,0,0,0,0,-2,0,0,0,0,0,0,3,6
557,-20,-10,5,-10,5,0,10,0,0,-1,0,0,0,0,1,-1,1,0,0,0,0,1,2
558,16,-15,-1,-19,-8,19,-13,-18,0,0,0,0,0,0,1,0,0,2,0,0,0,2,0
559,-35,-28,-7,-39,-23,7,9,-10,0,2,0,1,0,0,1,-2,-1,0,0,0,0,4,1
560,16,13,30,22,9,-6,-11,-1,0,0,0,0,0,1,0,0,1,0,-2,0,0,2,1
561,14,2,-3,3,-3,-10,-6,16,0,0,0,0,0,0,0,0,1,0,0,0,0,1,0
562,-25,-10,-11,-4,2,19,9,2,0,0,0,0,0,0,0,0,0,0,0,0,0,3,1
563,4,35,40,25,35,35,30,20,0,1,0,-1,1,-1,-1,-1,1,2,-1,1,0,0,1
564,-5,-20,-5,0,-5,-20,-20,15,0,-1,0,0,0,-1,0,0,0,0,0,0,0,4,2
565,24,16,-25,6,12,3,26,7,0,1,0,0,0,-1,-1,0,0,0,2,0,0,1,4
566,-27,-37,-15,24,-33,17,2,3,0,2,0,1,0,0,2,1,-1,0,0,0,0,0,0
567,21,-16,-8,-11,12,-3,0,-10,0,1,0,0,0,0,1,-1,0,0,0,0,0,1,0
568,-10,0,-10,0,-25,-25,0,-30,0,-1,0,0,0,-1,0,1,0,0,0,-1,0,1,0
569,15,-10,-20,-15,-15,15,-15,-5,0,1,0,0,0,0,0,1,0,0,0,0,0,0,0
570,10,2,2,-3,1,10,0,4,0,0,0,0,0,0,0,0,0,0,0,0,0,3,0
571,-27,-25,-13,-11,4,3,3,0,0,0,0,0,0,0,0,0,-1,0,0,0,0,3,2
572,5,30,24,-11,8,-13,-16,-8,0,0,-1,-1,0,0,0,0,0,0,0,0,0,3,2
573,6,-31,-26,-35,-6,3,7,5,0,1,0,1,0,-1,1,0,0,0,0,0,0,1,0
574,-10,15,0,0,-10,-35,0,-35,0,-1,0,-1,0,0,0,0,0,1,0,-1,0,2,1
575,0,0,20,15,20,-20,0,0,0,0,0,0,-1,0,0,-1,-1,0,0,0,0,1,1
576,-3,-8,23,6,-8,4,-23,-3,0,0,0,0,0,1,0,0,0,0,-2,0,0,1,2
577,1,-4,-8,28,-40,-6,-8,10,0,0,0,0,0,0,2,-1,0,0,0,0,0,0,2
578,10,-36,-33,-21,9,15,14,14,0,1,0,2,0,-1,0,0,0,0,0,0,0,1,3
579,4,15,15,25,30,10,10,-10,0,1,0,-1,1,-2,-1,0,0,2,0,0,0,1,1
580,-13,-13,3,-6,-3,8,-2,-17,0,0,0,0,0,0,0,0,0,0,0,0,0,6,1
581,19,14,-12,2,8,-9,0,-6,0,1,0,0,0,0,0,0,0,0,0,0,0,0,1
582,-11,-25,-10,30,-9,-5,-9,-3,0,0,0,0,0,0,2,1,0,0,0,0,0,3,1
583,12,-11,-10,-7,11,-20,-20,10,0,0,0,1,0,2,0,0,1,0,0,0,0,2,0
584,0,1,-10,8,22,3,-3,-2,0,0,0,0,1,2,0,2,0,0,0,0,0,2,2
585,0,5,0,0,-5,0,-10,-10,0,0,0,-1,0,0,0,1,0,0,1,-1,0,0,0
586,-5,0,-5,-10,10,20,10,-15,0,0,0,0,0,0,0,0,0,0,0,0,0,0,1
587,42,26,3,26,26,-14,-7,0,0,-1,0,-1,0,0,0,2,1,0,0,0,0,0,3
588,-3,-11,0,28,-24,1,-2,9,0,0,0,0,0,0,2,1,0,0,0,0,0,0,0
589,0,-26,-28,-3,-4,16,24,12,0,0,0,1,0,-1,0,0,0,0,0,0,0,2,3
590,0,0,-1,0,0,15,-5,10,0,0,0,0,1,0,0,0,1,2,0,0,0,1,1
591,-5,0,15,5,30,0,10,-15,0,0,0,0,-1,0,0,-1,-1,0,0,0,0,3,0
592,4,4,0,16,-3,0,-2,2,0,0,0,0,0,0,-1,0,0,0,0,0,0,1,1
593,27,25,13,11,-4,-3,-3,0,0,0,0,0,0,0,0,0,1,0,0,0,0,0,2
594,8,12,13,6,4,-12,-3,-6,0,1,0,-1,0,-2,0,-1,1,0,0,0,0,2,0
595,-5,4,10,11,-23,2,-5,-3,0,0,0,0,0,0,2,0,0,0,0,0,0,2,1
596,0,10,14,0,-5,35,0,25,0,0,0,-1,1,1,0,1,1,2,0,0,0,1,2
597,-5,0,10,15,5,20,20,-5,0,0,0,0,0,0,-1,0,0,0,0,0,0,3,0
598,-20,-10,10,-16,1,1,-1,-16,0,-1,0,0,0,0,1,0,0,0,0,0,0,8,0
599,-4,-7,8,0,16,7,6,-1,0,0,0,0,0,0,0,2,0,0,0,0,0,1,3
600,-21,16,8,11,-12,3,0,10,0,-1,0,0,0,0,-1,1,0,0,0,0,0,1,1
601,-16,21,31,6,9,-4,1,-3,0,0,0,-1,0,-2,0,0,1,0,0,0,0,0,2
